setting,config,metadata,model,fold,accuracy,balanced_accuracy,f1_macro
full,Age only,age,LogReg,1,0.7135416666666666,0.7135416666666666,0.7048218029350104
full,Age only,age,LogReg,2,0.837696335078534,0.8377192982456141,0.837696335078534
full,Age only,age,LogReg,3,0.8586387434554974,0.8588815789473685,0.8583903122168217
full,Age only,age,LogReg,4,0.8638743455497382,0.8637609649122806,0.8637809962694756
full,Age only,age,LogReg,5,0.8848167539267016,0.8845942982456141,0.8845604395604396
full,Age only,age,RandomForest,1,0.796875,0.796875,0.7966046448458509
full,Age only,age,RandomForest,2,0.8324607329842932,0.8324561403508772,0.8324561403508772
full,Age only,age,RandomForest,3,0.8429319371727748,0.8433114035087719,0.8422009253139457
full,Age only,age,RandomForest,4,0.8219895287958116,0.821984649122807,0.821984649122807
full,Age only,age,RandomForest,5,0.8481675392670157,0.8479166666666667,0.8477501992798439
full,Age only,age,LightGBM,1,0.796875,0.796875,0.7956276099238517
full,Age only,age,LightGBM,2,0.806282722513089,0.806030701754386,0.8057502542535939
full,Age only,age,LightGBM,3,0.7905759162303665,0.7905153508771929,0.7905242377714411
full,Age only,age,LightGBM,4,0.7801047120418848,0.7805921052631579,0.7783488063660478
full,Age only,age,LightGBM,5,0.8010471204188482,0.8010964912280701,0.8010416666666667
full,Age only,age,XGBoost,1,0.7916666666666666,0.7916666666666666,0.7908496732026145
full,Age only,age,XGBoost,2,0.8167539267015707,0.8165570175438597,0.8164318862069913
full,Age only,age,XGBoost,3,0.8481675392670157,0.8482456140350878,0.8481508896016667
full,Age only,age,XGBoost,4,0.8115183246073299,0.8117872807017543,0.8110989010989011
full,Age only,age,XGBoost,5,0.8691099476439791,0.8689692982456141,0.8689806557826862
full,Sex only,sex,LogReg,1,0.453125,0.453125,0.44209215442092153
full,Sex only,sex,LogReg,2,0.5863874345549738,0.5859100877192982,0.5826810852670299
full,Sex only,sex,LogReg,3,0.5759162303664922,0.575219298245614,0.5679095098449937
full,Sex only,sex,LogReg,4,0.5445026178010471,0.5449561403508771,0.5412836438923396
full,Sex only,sex,LogReg,5,0.5287958115183246,0.5290021929824561,0.5281620553359684
full,Sex only,sex,RandomForest,1,0.453125,0.453125,0.44209215442092153
full,Sex only,sex,RandomForest,2,0.5863874345549738,0.5859100877192982,0.5826810852670299
full,Sex only,sex,RandomForest,3,0.5759162303664922,0.575219298245614,0.5679095098449937
full,Sex only,sex,RandomForest,4,0.5445026178010471,0.5449561403508771,0.5412836438923396
full,Sex only,sex,RandomForest,5,0.5287958115183246,0.5290021929824561,0.5281620553359684
full,Sex only,sex,LightGBM,1,0.453125,0.453125,0.44209215442092153
full,Sex only,sex,LightGBM,2,0.5863874345549738,0.5859100877192982,0.5826810852670299
full,Sex only,sex,LightGBM,3,0.5759162303664922,0.575219298245614,0.5679095098449937
full,Sex only,sex,LightGBM,4,0.5445026178010471,0.5449561403508771,0.5412836438923396
full,Sex only,sex,LightGBM,5,0.5287958115183246,0.5290021929824561,0.5281620553359684
full,Sex only,sex,XGBoost,1,0.453125,0.453125,0.44209215442092153
full,Sex only,sex,XGBoost,2,0.5863874345549738,0.5859100877192982,0.5826810852670299
full,Sex only,sex,XGBoost,3,0.5759162303664922,0.575219298245614,0.5679095098449937
full,Sex only,sex,XGBoost,4,0.5445026178010471,0.5449561403508771,0.5412836438923396
full,Sex only,sex,XGBoost,5,0.5287958115183246,0.5290021929824561,0.5281620553359684
full,Age + Sex,age + sex,LogReg,1,0.7239583333333334,0.7239583333333333,0.7165696459905857
full,Age + Sex,age + sex,LogReg,2,0.8324607329842932,0.8324013157894736,0.8324193902171528
full,Age + Sex,age + sex,LogReg,3,0.8586387434554974,0.8587719298245614,0.8585767174002468
full,Age + Sex,age + sex,LogReg,4,0.8586387434554974,0.8587719298245614,0.8585767174002468
full,Age + Sex,age + sex,LogReg,5,0.9162303664921466,0.9162280701754386,0.9162280701754386
full,Age + Sex,age + sex,RandomForest,1,0.8177083333333334,0.8177083333333333,0.8174657069129432
full,Age + Sex,age + sex,RandomForest,2,0.8167539267015707,0.8167763157894736,0.8167539267015707
full,Age + Sex,age + sex,RandomForest,3,0.8743455497382199,0.8744517543859649,0.8743145426628647
full,Age + Sex,age + sex,RandomForest,4,0.8324607329842932,0.8324561403508772,0.8324561403508772
full,Age + Sex,age + sex,RandomForest,5,0.8586387434554974,0.8583881578947368,0.8582501855364064
full,Age + Sex,age + sex,LightGBM,1,0.828125,0.828125,0.8278962379464891
full,Age + Sex,age + sex,LightGBM,2,0.7958115183246073,0.7955592105263158,0.7952502679970315
full,Age + Sex,age + sex,LightGBM,3,0.8272251308900523,0.8273574561403509,0.8271493212669683
full,Age + Sex,age + sex,LightGBM,4,0.7958115183246073,0.7961074561403509,0.7952502679970315
full,Age + Sex,age + sex,LightGBM,5,0.8481675392670157,0.8479166666666667,0.8477501992798439
full,Age + Sex,age + sex,XGBoost,1,0.8385416666666666,0.8385416666666667,0.8385372867102514
full,Age + Sex,age + sex,XGBoost,2,0.8219895287958116,0.8217653508771929,0.8215934065934065
full,Age + Sex,age + sex,XGBoost,3,0.8691099476439791,0.8693530701754386,0.8688799187192795
full,Age + Sex,age + sex,XGBoost,4,0.8481675392670157,0.8481359649122806,0.8481508896016667
full,Age + Sex,age + sex,XGBoost,5,0.8534031413612565,0.8529605263157894,0.8522325375773652
full,MFDFA,no metadata,LogReg,1,0.625,0.625,0.6248371689101173
full,MFDFA,no metadata,LogReg,2,0.6701570680628273,0.6697368421052632,0.6678260869565218
full,MFDFA,no metadata,LogReg,3,0.675392670157068,0.675109649122807,0.6743124312431243
full,MFDFA,no metadata,LogReg,4,0.612565445026178,0.6122807017543859,0.6112761276127613
full,MFDFA,no metadata,LogReg,5,0.643979057591623,0.6438048245614035,0.6435002195871762
full,MFDFA,no metadata,RandomForest,1,0.65625,0.65625,0.6553149820476554
full,MFDFA,no metadata,RandomForest,2,0.581151832460733,0.5810855263157895,0.5810484755428822
full,MFDFA,no metadata,RandomForest,3,0.5602094240837696,0.5598135964912281,0.5574801412180053
full,MFDFA,no metadata,RandomForest,4,0.6387434554973822,0.6387609649122807,0.6387434554973822
full,MFDFA,no metadata,RandomForest,5,0.5916230366492147,0.5918859649122807,0.5907142857142857
full,MFDFA,no metadata,LightGBM,1,0.6041666666666666,0.6041666666666667,0.6039947894051237
full,MFDFA,no metadata,LightGBM,2,0.581151832460733,0.5806469298245615,0.5769656699889258
full,MFDFA,no metadata,LightGBM,3,0.5392670157068062,0.5387609649122806,0.5346622369878185
full,MFDFA,no metadata,LightGBM,4,0.581151832460733,0.5815241228070176,0.5792024675038554
full,MFDFA,no metadata,LightGBM,5,0.5654450261780105,0.5657894736842105,0.5637229270440598
full,MFDFA,no metadata,XGBoost,1,0.6197916666666666,0.6197916666666667,0.61953364640734
full,MFDFA,no metadata,XGBoost,2,0.5916230366492147,0.5914473684210526,0.5910737812911726
full,MFDFA,no metadata,XGBoost,3,0.5235602094240838,0.5237938596491228,0.5227229041381772
full,MFDFA,no metadata,XGBoost,4,0.5916230366492147,0.591282894736842,0.5897224058162591
full,MFDFA,no metadata,XGBoost,5,0.5602094240837696,0.5603070175438596,0.5601008993200263
full,OpenSMILE,no metadata,LogReg,1,0.6666666666666666,0.6666666666666666,0.6653594771241831
full,OpenSMILE,no metadata,LogReg,2,0.7382198952879581,0.7381030701754385,0.7380403774412991
full,OpenSMILE,no metadata,LogReg,3,0.7486910994764397,0.7483004385964912,0.7471315092674315
full,OpenSMILE,no metadata,LogReg,4,0.7486910994764397,0.7481359649122807,0.7456159822419535
full,OpenSMILE,no metadata,LogReg,5,0.7539267015706806,0.7538377192982456,0.7538187302893185
full,OpenSMILE,no metadata,RandomForest,1,0.6875,0.6875,0.6871945259042034
full,OpenSMILE,no metadata,RandomForest,2,0.7591623036649214,0.7589912280701754,0.7588383838383839
full,OpenSMILE,no metadata,RandomForest,3,0.7801047120418848,0.7794956140350877,0.7768691588785046
full,OpenSMILE,no metadata,RandomForest,4,0.7801047120418848,0.7804824561403509,0.7790812954395241
full,OpenSMILE,no metadata,RandomForest,5,0.774869109947644,0.775,0.7747703277115041
full,OpenSMILE,no metadata,LightGBM,1,0.71875,0.71875,0.7172466455765245
full,OpenSMILE,no metadata,LightGBM,2,0.7539267015706806,0.7535087719298246,0.7521877156659765
full,OpenSMILE,no metadata,LightGBM,3,0.7696335078534031,0.769078947368421,0.7668146503884573
full,OpenSMILE,no metadata,LightGBM,4,0.8167539267015707,0.8171052631578948,0.8160277403197842
full,OpenSMILE,no metadata,LightGBM,5,0.774869109947644,0.7753289473684211,0.7732781228433403
full,OpenSMILE,no metadata,XGBoost,1,0.71875,0.71875,0.7142857142857143
full,OpenSMILE,no metadata,XGBoost,2,0.743455497382199,0.7428728070175439,0.7400061116204129
full,OpenSMILE,no metadata,XGBoost,3,0.7696335078534031,0.768969298245614,0.7656180276662204
full,OpenSMILE,no metadata,XGBoost,4,0.774869109947644,0.775438596491228,0.7723732712507968
full,OpenSMILE,no metadata,XGBoost,5,0.7696335078534031,0.7701206140350878,0.7677939876215738
full,NeuroKit2,no metadata,LogReg,1,0.6510416666666666,0.6510416666666667,0.6498924965299513
full,NeuroKit2,no metadata,LogReg,2,0.680628272251309,0.6800986842105263,0.6770876638674095
full,NeuroKit2,no metadata,LogReg,3,0.7120418848167539,0.7117324561403509,0.7109007347882323
full,NeuroKit2,no metadata,LogReg,4,0.6544502617801047,0.6535635964912281,0.6438178119349005
full,NeuroKit2,no metadata,LogReg,5,0.7015706806282722,0.7010964912280702,0.6988964792433001
full,NeuroKit2,no metadata,RandomForest,1,0.6302083333333334,0.6302083333333334,0.63011803011803
full,NeuroKit2,no metadata,RandomForest,2,0.7120418848167539,0.7116228070175439,0.7100069013112491
full,NeuroKit2,no metadata,RandomForest,3,0.6910994764397905,0.6913377192982456,0.6905566081774995
full,NeuroKit2,no metadata,RandomForest,4,0.7225130890052356,0.7225877192982456,0.7224826603064944
full,NeuroKit2,no metadata,RandomForest,5,0.680628272251309,0.6804824561403509,0.6803128001097545
full,NeuroKit2,no metadata,LightGBM,1,0.6822916666666666,0.6822916666666666,0.681592039800995
full,NeuroKit2,no metadata,LightGBM,2,0.680628272251309,0.6800986842105263,0.6770876638674095
full,NeuroKit2,no metadata,LightGBM,3,0.6649214659685864,0.6646929824561404,0.6641758241758242
full,NeuroKit2,no metadata,LightGBM,4,0.7120418848167539,0.7123355263157894,0.7112503779445315
full,NeuroKit2,no metadata,LightGBM,5,0.680628272251309,0.6806469298245614,0.680628272251309
full,NeuroKit2,no metadata,XGBoost,1,0.6770833333333334,0.6770833333333333,0.6770482908301683
full,NeuroKit2,no metadata,XGBoost,2,0.6963350785340314,0.6960526315789474,0.6953245324532453
full,NeuroKit2,no metadata,XGBoost,3,0.6649214659685864,0.6650767543859649,0.6646916831248628
full,NeuroKit2,no metadata,XGBoost,4,0.6910994764397905,0.6908991228070176,0.6905566081774995
full,NeuroKit2,no metadata,XGBoost,5,0.675392670157068,0.6750548245614035,0.673881912315488
full,MFDFA + OpenSMILE,no metadata,LogReg,1,0.6614583333333334,0.6614583333333333,0.6581102923047422
full,MFDFA + OpenSMILE,no metadata,LogReg,2,0.7486910994764397,0.7484100877192983,0.7478547854785478
full,MFDFA + OpenSMILE,no metadata,LogReg,3,0.743455497382199,0.7428179824561404,0.7393399248015597
full,MFDFA + OpenSMILE,no metadata,LogReg,4,0.8010471204188482,0.8010964912280701,0.8010416666666667
full,MFDFA + OpenSMILE,no metadata,LogReg,5,0.7643979057591623,0.7643092105263158,0.7642945290004114
full,MFDFA + OpenSMILE,no metadata,RandomForest,1,0.7083333333333334,0.7083333333333333,0.7082066869300911
full,MFDFA + OpenSMILE,no metadata,RandomForest,2,0.7591623036649214,0.7585526315789474,0.7556186025812194
full,MFDFA + OpenSMILE,no metadata,RandomForest,3,0.7696335078534031,0.7692982456140351,0.7685613571271205
full,MFDFA + OpenSMILE,no metadata,RandomForest,4,0.7905759162303665,0.7910087719298247,0.7892762577228596
full,MFDFA + OpenSMILE,no metadata,RandomForest,5,0.7539267015706806,0.7542763157894736,0.752951537000853
full,MFDFA + OpenSMILE,no metadata,LightGBM,1,0.71875,0.71875,0.7176470588235294
full,MFDFA + OpenSMILE,no metadata,LightGBM,2,0.743455497382199,0.7429824561403509,0.7411566225073982
full,MFDFA + OpenSMILE,no metadata,LightGBM,3,0.774869109947644,0.7743421052631578,0.7723732712507968
full,MFDFA + OpenSMILE,no metadata,LightGBM,4,0.8219895287958116,0.822313596491228,0.8213971397139714
full,MFDFA + OpenSMILE,no metadata,LightGBM,5,0.7801047120418848,0.7805921052631579,0.7783488063660478
full,MFDFA + OpenSMILE,no metadata,XGBoost,1,0.6875,0.6875,0.6833424958768555
full,MFDFA + OpenSMILE,no metadata,XGBoost,2,0.7539267015706806,0.753344298245614,0.7506181070644776
full,MFDFA + OpenSMILE,no metadata,XGBoost,3,0.7643979057591623,0.7637061403508771,0.7599497276916631
full,MFDFA + OpenSMILE,no metadata,XGBoost,4,0.806282722513089,0.8068530701754386,0.8041351403785926
full,MFDFA + OpenSMILE,no metadata,XGBoost,5,0.7591623036649214,0.7598684210526316,0.7549643016510487
full,MFDFA + NeuroKit2,no metadata,LogReg,1,0.65625,0.65625,0.6538461538461539
full,MFDFA + NeuroKit2,no metadata,LogReg,2,0.680628272251309,0.6800986842105263,0.6770876638674095
full,MFDFA + NeuroKit2,no metadata,LogReg,3,0.7068062827225131,0.7066885964912281,0.706605222734255
full,MFDFA + NeuroKit2,no metadata,LogReg,4,0.7225130890052356,0.7225328947368421,0.7225130890052356
full,MFDFA + NeuroKit2,no metadata,LogReg,5,0.6963350785340314,0.6961074561403509,0.6956593406593407
full,MFDFA + NeuroKit2,no metadata,RandomForest,1,0.6510416666666666,0.6510416666666666,0.6502732240437159
full,MFDFA + NeuroKit2,no metadata,RandomForest,2,0.680628272251309,0.6804276315789474,0.6800670016750419
full,MFDFA + NeuroKit2,no metadata,RandomForest,3,0.7120418848167539,0.7120065789473684,0.7120103078652301
full,MFDFA + NeuroKit2,no metadata,RandomForest,4,0.6492146596858639,0.6494517543859649,0.648598182167669
full,MFDFA + NeuroKit2,no metadata,RandomForest,5,0.6492146596858639,0.6491776315789474,0.649176193217644
full,MFDFA + NeuroKit2,no metadata,LightGBM,1,0.6510416666666666,0.6510416666666667,0.6475906089910419
full,MFDFA + NeuroKit2,no metadata,LightGBM,2,0.6701570680628273,0.6697368421052632,0.6678260869565218
full,MFDFA + NeuroKit2,no metadata,LightGBM,3,0.6387434554973822,0.6385416666666667,0.6381085756652114
full,MFDFA + NeuroKit2,no metadata,LightGBM,4,0.6649214659685864,0.665296052631579,0.6633619740030844
full,MFDFA + NeuroKit2,no metadata,LightGBM,5,0.6492146596858639,0.6493421052631578,0.6490607431783902
full,MFDFA + NeuroKit2,no metadata,XGBoost,1,0.6666666666666666,0.6666666666666666,0.6666666666666666
full,MFDFA + NeuroKit2,no metadata,XGBoost,2,0.6596858638743456,0.6594298245614035,0.6587504466617191
full,MFDFA + NeuroKit2,no metadata,XGBoost,3,0.6701570680628273,0.6700657894736842,0.6700123406005759
full,MFDFA + NeuroKit2,no metadata,XGBoost,4,0.6387434554973822,0.6388706140350877,0.6385849444672974
full,MFDFA + NeuroKit2,no metadata,XGBoost,5,0.6492146596858639,0.6491776315789474,0.649176193217644
full,OpenSMILE + NeuroKit2,no metadata,LogReg,1,0.6614583333333334,0.6614583333333334,0.6607128292961423
full,OpenSMILE + NeuroKit2,no metadata,LogReg,2,0.7539267015706806,0.7536732456140351,0.7532503229707814
full,OpenSMILE + NeuroKit2,no metadata,LogReg,3,0.7643979057591623,0.7638157894736842,0.7612301025085424
full,OpenSMILE + NeuroKit2,no metadata,LogReg,4,0.806282722513089,0.8064692982456141,0.8060913705583757
full,OpenSMILE + NeuroKit2,no metadata,LogReg,5,0.7591623036649214,0.759375,0.7588383838383839
full,OpenSMILE + NeuroKit2,no metadata,RandomForest,1,0.6770833333333334,0.6770833333333334,0.6758169934640523
full,OpenSMILE + NeuroKit2,no metadata,RandomForest,2,0.7801047120418848,0.7799342105263158,0.7798089591567852
full,OpenSMILE + NeuroKit2,no metadata,RandomForest,3,0.7905759162303665,0.7899671052631578,0.7874944370271473
full,OpenSMILE + NeuroKit2,no metadata,RandomForest,4,0.7905759162303665,0.7909539473684211,0.7896012337519278
full,OpenSMILE + NeuroKit2,no metadata,RandomForest,5,0.7643979057591623,0.7647478070175439,0.7634642375540084
full,OpenSMILE + NeuroKit2,no metadata,LightGBM,1,0.703125,0.703125,0.7013018914271678
full,OpenSMILE + NeuroKit2,no metadata,LightGBM,2,0.7329842931937173,0.7325109649122807,0.7305915866913737
full,OpenSMILE + NeuroKit2,no metadata,LightGBM,3,0.7853403141361257,0.7849232456140351,0.783823326432022
full,OpenSMILE + NeuroKit2,no metadata,LightGBM,4,0.8272251308900523,0.8275219298245614,0.8267502267667188
full,OpenSMILE + NeuroKit2,no metadata,LightGBM,5,0.7958115183246073,0.7962171052631579,0.7947085572550641
full,OpenSMILE + NeuroKit2,no metadata,XGBoost,1,0.7083333333333334,0.7083333333333333,0.7044529961517316
full,OpenSMILE + NeuroKit2,no metadata,XGBoost,2,0.7382198952879581,0.7375,0.7328820765271873
full,OpenSMILE + NeuroKit2,no metadata,XGBoost,3,0.7486910994764397,0.7479714912280702,0.7435667934660998
full,OpenSMILE + NeuroKit2,no metadata,XGBoost,4,0.8115183246073299,0.8120065789473685,0.8100132625994695
full,OpenSMILE + NeuroKit2,no metadata,XGBoost,5,0.7539267015706806,0.7546052631578948,0.7499791115443531
full,MFDFA + OpenSMILE + NeuroKit2,no metadata,LogReg,1,0.6666666666666666,0.6666666666666667,0.6666304937601736
full,MFDFA + OpenSMILE + NeuroKit2,no metadata,LogReg,2,0.7486910994764397,0.7486842105263158,0.7486842105263158
full,MFDFA + OpenSMILE + NeuroKit2,no metadata,LogReg,3,0.743455497382199,0.7430372807017543,0.7416425120772947
full,MFDFA + OpenSMILE + NeuroKit2,no metadata,LogReg,4,0.806282722513089,0.8061951754385965,0.8061977238447826
full,MFDFA + OpenSMILE + NeuroKit2,no metadata,LogReg,5,0.7539267015706806,0.7537828947368421,0.7536836328714501
full,MFDFA + OpenSMILE + NeuroKit2,no metadata,RandomForest,1,0.6927083333333334,0.6927083333333333,0.6916963775413004
full,MFDFA + OpenSMILE + NeuroKit2,no metadata,RandomForest,2,0.7696335078534031,0.769078947368421,0.7668146503884573
full,MFDFA + OpenSMILE + NeuroKit2,no metadata,RandomForest,3,0.7853403141361257,0.7850328947368421,0.7844896386603186
full,MFDFA + OpenSMILE + NeuroKit2,no metadata,RandomForest,4,0.8010471204188482,0.8012609649122806,0.8007795344751867
full,MFDFA + OpenSMILE + NeuroKit2,no metadata,RandomForest,5,0.7591623036649214,0.759484649122807,0.7583608360836084
full,MFDFA + OpenSMILE + NeuroKit2,no metadata,LightGBM,1,0.7083333333333334,0.7083333333333333,0.7062937062937062
full,MFDFA + OpenSMILE + NeuroKit2,no metadata,LightGBM,2,0.743455497382199,0.7430372807017543,0.7416425120772947
full,MFDFA + OpenSMILE + NeuroKit2,no metadata,LightGBM,3,0.7696335078534031,0.7691337719298246,0.7673311184939091
full,MFDFA + OpenSMILE + NeuroKit2,no metadata,LightGBM,4,0.7958115183246073,0.7961622807017543,0.7950023392134739
full,MFDFA + OpenSMILE + NeuroKit2,no metadata,LightGBM,5,0.7853403141361257,0.7858004385964912,0.783823326432022
full,MFDFA + OpenSMILE + NeuroKit2,no metadata,XGBoost,1,0.71875,0.71875,0.7150082462891698
full,MFDFA + OpenSMILE + NeuroKit2,no metadata,XGBoost,2,0.743455497382199,0.7428728070175439,0.7400061116204129
full,MFDFA + OpenSMILE + NeuroKit2,no metadata,XGBoost,3,0.7696335078534031,0.7689144736842105,0.7649362273439249
full,MFDFA + OpenSMILE + NeuroKit2,no metadata,XGBoost,4,0.7958115183246073,0.7963267543859649,0.7939818015875211
full,MFDFA + OpenSMILE + NeuroKit2,no metadata,XGBoost,5,0.7591623036649214,0.759813596491228,0.7556186025812194
full,MFDFA,age + sex,LogReg,1,0.7552083333333334,0.7552083333333333,0.7509865062501725
full,MFDFA,age + sex,LogReg,2,0.8481675392670157,0.8478618421052632,0.8475658419792498
full,MFDFA,age + sex,LogReg,3,0.8795811518324608,0.8795504385964912,0.8795679469254598
full,MFDFA,age + sex,LogReg,4,0.8795811518324608,0.8797149122807018,0.8795283148224324
full,MFDFA,age + sex,LogReg,5,0.9057591623036649,0.9057565789473685,0.9057565789473685
full,MFDFA,age + sex,RandomForest,1,0.8229166666666666,0.8229166666666667,0.8226086956521739
full,MFDFA,age + sex,RandomForest,2,0.8324607329842932,0.8324561403508772,0.8324561403508772
full,MFDFA,age + sex,RandomForest,3,0.8534031413612565,0.8537280701754386,0.8529152915291529
full,MFDFA,age + sex,RandomForest,4,0.8638743455497382,0.8639254385964912,0.8638706140350878
full,MFDFA,age + sex,RandomForest,5,0.8795811518324608,0.8796052631578948,0.8795811518324608
full,MFDFA,age + sex,LightGBM,1,0.8229166666666666,0.8229166666666667,0.8228397742075554
full,MFDFA,age + sex,LightGBM,2,0.8219895287958116,0.821984649122807,0.821984649122807
full,MFDFA,age + sex,LightGBM,3,0.8691099476439791,0.8692982456140351,0.8689806557826862
full,MFDFA,age + sex,LightGBM,4,0.8534031413612565,0.8536184210526316,0.8532059727711901
full,MFDFA,age + sex,LightGBM,5,0.8691099476439791,0.8691337719298247,0.8691099476439791
full,MFDFA,age + sex,XGBoost,1,0.8385416666666666,0.8385416666666667,0.8384320964195553
full,MFDFA,age + sex,XGBoost,2,0.837696335078534,0.8378837719298247,0.837536013170531
full,MFDFA,age + sex,XGBoost,3,0.8638743455497382,0.8640350877192983,0.8637809962694756
full,MFDFA,age + sex,XGBoost,4,0.8691099476439791,0.8692982456140351,0.8689806557826862
full,MFDFA,age + sex,XGBoost,5,0.8638743455497382,0.8641447368421052,0.8635714285714285
full,OpenSMILE,age + sex,LogReg,1,0.7708333333333334,0.7708333333333333,0.7683194383501536
full,OpenSMILE,age + sex,LogReg,2,0.8691099476439791,0.8690789473684211,0.8690955944841955
full,OpenSMILE,age + sex,LogReg,3,0.8795811518324608,0.8797149122807018,0.8795283148224324
full,OpenSMILE,age + sex,LogReg,4,0.8638743455497382,0.8637609649122806,0.8637809962694756
full,OpenSMILE,age + sex,LogReg,5,0.8795811518324608,0.8794407894736842,0.8794622033200714
full,OpenSMILE,age + sex,RandomForest,1,0.796875,0.796875,0.7964276975776854
full,OpenSMILE,age + sex,RandomForest,2,0.8638743455497382,0.8637609649122806,0.8637809962694756
full,OpenSMILE,age + sex,RandomForest,3,0.8534031413612565,0.8534539473684211,0.8533991228070175
full,OpenSMILE,age + sex,RandomForest,4,0.8691099476439791,0.8693530701754386,0.8688799187192795
full,OpenSMILE,age + sex,RandomForest,5,0.8952879581151832,0.8951206140350878,0.895147123407993
full,OpenSMILE,age + sex,LightGBM,1,0.8333333333333334,0.8333333333333334,0.8331704138155751
full,OpenSMILE,age + sex,LightGBM,2,0.8795811518324608,0.8794956140350878,0.8795283148224324
full,OpenSMILE,age + sex,LightGBM,3,0.900523560209424,0.9006030701754386,0.9005126518079886
full,OpenSMILE,age + sex,LightGBM,4,0.8848167539267016,0.8850328947368421,0.8846618357487923
full,OpenSMILE,age + sex,LightGBM,5,0.8952879581151832,0.8953399122807018,0.8952850877192983
full,OpenSMILE,age + sex,XGBoost,1,0.8541666666666666,0.8541666666666667,0.854150841020076
full,OpenSMILE,age + sex,XGBoost,2,0.8638743455497382,0.8636513157894736,0.8635714285714285
full,OpenSMILE,age + sex,XGBoost,3,0.8900523560209425,0.8901315789473685,0.8900402993667242
full,OpenSMILE,age + sex,XGBoost,4,0.9057591623036649,0.905921052631579,0.9056945358788677
full,OpenSMILE,age + sex,XGBoost,5,0.9057591623036649,0.9057565789473685,0.9057565789473685
full,MFDFA + OpenSMILE,age + sex,LogReg,1,0.78125,0.78125,0.7797202797202798
full,MFDFA + OpenSMILE,age + sex,LogReg,2,0.8638743455497382,0.8637609649122806,0.8637809962694756
full,MFDFA + OpenSMILE,age + sex,LogReg,3,0.8743455497382199,0.8745065789473685,0.8742593811718236
full,MFDFA + OpenSMILE,age + sex,LogReg,4,0.8743455497382199,0.8743421052631579,0.8743421052631579
full,MFDFA + OpenSMILE,age + sex,LogReg,5,0.8795811518324608,0.8795504385964912,0.8795679469254598
full,MFDFA + OpenSMILE,age + sex,RandomForest,1,0.8125,0.8125,0.8117647058823529
full,MFDFA + OpenSMILE,age + sex,RandomForest,2,0.8534031413612565,0.8532894736842105,0.8533026113671275
full,MFDFA + OpenSMILE,age + sex,RandomForest,3,0.8586387434554974,0.8587171052631579,0.8586232420429312
full,MFDFA + OpenSMILE,age + sex,RandomForest,4,0.8743455497382199,0.8743969298245614,0.8743421052631579
full,MFDFA + OpenSMILE,age + sex,RandomForest,5,0.8795811518324608,0.8793859649122806,0.8793695252217371
full,MFDFA + OpenSMILE,age + sex,LightGBM,1,0.8229166666666666,0.8229166666666667,0.8226086956521739
full,MFDFA + OpenSMILE,age + sex,LightGBM,2,0.8848167539267016,0.8847039473684211,0.8847377660741715
full,MFDFA + OpenSMILE,age + sex,LightGBM,3,0.8848167539267016,0.8849232456140351,0.8847883307742925
full,MFDFA + OpenSMILE,age + sex,LightGBM,4,0.8848167539267016,0.8850328947368421,0.8846618357487923
full,MFDFA + OpenSMILE,age + sex,LightGBM,5,0.8952879581151832,0.8952850877192983,0.8952850877192983
full,MFDFA + OpenSMILE,age + sex,XGBoost,1,0.84375,0.84375,0.843682153712549
full,MFDFA + OpenSMILE,age + sex,XGBoost,2,0.8691099476439791,0.8689692982456141,0.8689806557826862
full,MFDFA + OpenSMILE,age + sex,XGBoost,3,0.8795811518324608,0.8797149122807018,0.8795283148224324
full,MFDFA + OpenSMILE,age + sex,XGBoost,4,0.9057591623036649,0.905921052631579,0.9056945358788677
full,MFDFA + OpenSMILE,age + sex,XGBoost,5,0.9109947643979057,0.9110197368421052,0.9109947643979057
full,MFDFA + NeuroKit2,age + sex,LogReg,1,0.8333333333333334,0.8333333333333333,0.8328799912958329
full,MFDFA + NeuroKit2,age + sex,LogReg,2,0.8534031413612565,0.8531798245614035,0.8530769230769231
full,MFDFA + NeuroKit2,age + sex,LogReg,3,0.8743455497382199,0.8744517543859649,0.8743145426628647
full,MFDFA + NeuroKit2,age + sex,LogReg,4,0.8638743455497382,0.8638157894736842,0.8638407545514367
full,MFDFA + NeuroKit2,age + sex,LogReg,5,0.9162303664921466,0.9162828947368421,0.9162280701754386
full,MFDFA + NeuroKit2,age + sex,RandomForest,1,0.7604166666666666,0.7604166666666667,0.7572292468389225
full,MFDFA + NeuroKit2,age + sex,RandomForest,2,0.837696335078534,0.8377192982456141,0.837696335078534
full,MFDFA + NeuroKit2,age + sex,RandomForest,3,0.8534031413612565,0.8536184210526316,0.8532059727711901
full,MFDFA + NeuroKit2,age + sex,RandomForest,4,0.8848167539267016,0.8848684210526316,0.884813596491228
full,MFDFA + NeuroKit2,age + sex,RandomForest,5,0.8848167539267016,0.884813596491228,0.884813596491228
full,MFDFA + NeuroKit2,age + sex,LightGBM,1,0.8177083333333334,0.8177083333333334,0.8173069080825381
full,MFDFA + NeuroKit2,age + sex,LightGBM,2,0.8429319371727748,0.8428728070175439,0.8428931783285809
full,MFDFA + NeuroKit2,age + sex,LightGBM,3,0.8586387434554974,0.8588267543859649,0.8584991082453012
full,MFDFA + NeuroKit2,age + sex,LightGBM,4,0.8638743455497382,0.8639802631578948,0.8638407545514367
full,MFDFA + NeuroKit2,age + sex,LightGBM,5,0.9109947643979057,0.9110197368421052,0.9109947643979057
full,MFDFA + NeuroKit2,age + sex,XGBoost,1,0.8125,0.8125,0.8123167155425219
full,MFDFA + NeuroKit2,age + sex,XGBoost,2,0.8586387434554974,0.8586622807017543,0.8586387434554974
full,MFDFA + NeuroKit2,age + sex,XGBoost,3,0.8534031413612565,0.8536184210526316,0.8532059727711901
full,MFDFA + NeuroKit2,age + sex,XGBoost,4,0.8638743455497382,0.8638706140350878,0.8638706140350878
full,MFDFA + NeuroKit2,age + sex,XGBoost,5,0.8743455497382199,0.8741228070175439,0.874065934065934
full,OpenSMILE + NeuroKit2,age + sex,LogReg,1,0.7864583333333334,0.7864583333333333,0.7857551098168358
full,OpenSMILE + NeuroKit2,age + sex,LogReg,2,0.8691099476439791,0.8690789473684211,0.8690955944841955
full,OpenSMILE + NeuroKit2,age + sex,LogReg,3,0.8795811518324608,0.8796600877192983,0.8795679469254598
full,OpenSMILE + NeuroKit2,age + sex,LogReg,4,0.8743455497382199,0.8742324561403509,0.8742593811718236
full,OpenSMILE + NeuroKit2,age + sex,LogReg,5,0.8952879581151832,0.8954495614035087,0.8952161509765196
full,OpenSMILE + NeuroKit2,age + sex,RandomForest,1,0.796875,0.796875,0.7962060800696731
full,OpenSMILE + NeuroKit2,age + sex,RandomForest,2,0.8481675392670157,0.8480811403508772,0.8481009186891539
full,OpenSMILE + NeuroKit2,age + sex,RandomForest,3,0.8638743455497382,0.8638706140350878,0.8638706140350878
full,OpenSMILE + NeuroKit2,age + sex,RandomForest,4,0.8691099476439791,0.869188596491228,0.8690955944841955
full,OpenSMILE + NeuroKit2,age + sex,RandomForest,5,0.8691099476439791,0.868859649122807,0.8687501717929689
full,OpenSMILE + NeuroKit2,age + sex,LightGBM,1,0.828125,0.828125,0.8278962379464891
full,OpenSMILE + NeuroKit2,age + sex,LightGBM,2,0.8691099476439791,0.8689144736842105,0.8688799187192795
full,OpenSMILE + NeuroKit2,age + sex,LightGBM,3,0.8952879581151832,0.8952850877192983,0.8952850877192983
full,OpenSMILE + NeuroKit2,age + sex,LightGBM,4,0.8952879581151832,0.8954495614035087,0.8952161509765196
full,OpenSMILE + NeuroKit2,age + sex,LightGBM,5,0.900523560209424,0.9005482456140351,0.900523560209424
full,OpenSMILE + NeuroKit2,age + sex,XGBoost,1,0.859375,0.859375,0.8593406593406594
full,OpenSMILE + NeuroKit2,age + sex,XGBoost,2,0.8534031413612565,0.8531798245614035,0.8530769230769231
full,OpenSMILE + NeuroKit2,age + sex,XGBoost,3,0.8952879581151832,0.8953947368421052,0.8952621188857206
full,OpenSMILE + NeuroKit2,age + sex,XGBoost,4,0.8900523560209425,0.8902412280701755,0.8899437508574565
full,OpenSMILE + NeuroKit2,age + sex,XGBoost,5,0.9109947643979057,0.9109649122807018,0.9109850042492529
full,MFDFA + OpenSMILE + NeuroKit2,age + sex,LogReg,1,0.796875,0.796875,0.7962060800696731
full,MFDFA + OpenSMILE + NeuroKit2,age + sex,LogReg,2,0.8481675392670157,0.8480263157894736,0.8480175607079161
full,MFDFA + OpenSMILE + NeuroKit2,age + sex,LogReg,3,0.8795811518324608,0.8796600877192983,0.8795679469254598
full,MFDFA + OpenSMILE + NeuroKit2,age + sex,LogReg,4,0.8691099476439791,0.8690241228070175,0.8690525161113396
full,MFDFA + OpenSMILE + NeuroKit2,age + sex,LogReg,5,0.8795811518324608,0.8796600877192983,0.8795679469254598
full,MFDFA + OpenSMILE + NeuroKit2,age + sex,RandomForest,1,0.7864583333333334,0.7864583333333333,0.7857551098168358
full,MFDFA + OpenSMILE + NeuroKit2,age + sex,RandomForest,2,0.8481675392670157,0.8479714912280701,0.8479007057143642
full,MFDFA + OpenSMILE + NeuroKit2,age + sex,RandomForest,3,0.8638743455497382,0.8638706140350878,0.8638706140350878
full,MFDFA + OpenSMILE + NeuroKit2,age + sex,RandomForest,4,0.8638743455497382,0.8639802631578948,0.8638407545514367
full,MFDFA + OpenSMILE + NeuroKit2,age + sex,RandomForest,5,0.8848167539267016,0.8845942982456141,0.8845604395604396
full,MFDFA + OpenSMILE + NeuroKit2,age + sex,LightGBM,1,0.8333333333333334,0.8333333333333334,0.8331704138155751
full,MFDFA + OpenSMILE + NeuroKit2,age + sex,LightGBM,2,0.8691099476439791,0.8689692982456141,0.8689806557826862
full,MFDFA + OpenSMILE + NeuroKit2,age + sex,LightGBM,3,0.8952879581151832,0.8952850877192983,0.8952850877192983
full,MFDFA + OpenSMILE + NeuroKit2,age + sex,LightGBM,4,0.8952879581151832,0.8954495614035087,0.8952161509765196
full,MFDFA + OpenSMILE + NeuroKit2,age + sex,LightGBM,5,0.900523560209424,0.9005482456140351,0.900523560209424
full,MFDFA + OpenSMILE + NeuroKit2,age + sex,XGBoost,1,0.8541666666666666,0.8541666666666666,0.8541666666666666
full,MFDFA + OpenSMILE + NeuroKit2,age + sex,XGBoost,2,0.8586387434554974,0.8584429824561404,0.8583903122168217
full,MFDFA + OpenSMILE + NeuroKit2,age + sex,XGBoost,3,0.8900523560209425,0.8901315789473685,0.8900402993667242
full,MFDFA + OpenSMILE + NeuroKit2,age + sex,XGBoost,4,0.8952879581151832,0.8954495614035087,0.8952161509765196
full,MFDFA + OpenSMILE + NeuroKit2,age + sex,XGBoost,5,0.9109947643979057,0.9109649122807018,0.9109850042492529
full,MFDFA + OpenSMILE,sex,LogReg,1,0.6666666666666666,0.6666666666666666,0.6666666666666666
full,MFDFA + OpenSMILE,sex,LogReg,2,0.7539267015706806,0.7533991228070176,0.7511986918322663
full,MFDFA + OpenSMILE,sex,LogReg,3,0.7591623036649214,0.7589912280701754,0.7588383838383839
full,MFDFA + OpenSMILE,sex,LogReg,4,0.7958115183246073,0.7957785087719298,0.795789127395345
full,MFDFA + OpenSMILE,sex,LogReg,5,0.774869109947644,0.775,0.7747703277115041
full,MFDFA + OpenSMILE,sex,RandomForest,1,0.6979166666666666,0.6979166666666667,0.6973913043478261
full,MFDFA + OpenSMILE,sex,RandomForest,2,0.7643979057591623,0.7637609649122807,0.7606182982871466
full,MFDFA + OpenSMILE,sex,RandomForest,3,0.7696335078534031,0.7692982456140351,0.7685613571271205
full,MFDFA + OpenSMILE,sex,RandomForest,4,0.7853403141361257,0.7857456140350878,0.784180790960452
full,MFDFA + OpenSMILE,sex,RandomForest,5,0.7643979057591623,0.7647478070175439,0.7634642375540084
full,MFDFA + OpenSMILE,sex,LightGBM,1,0.7135416666666666,0.7135416666666667,0.7122223736203843
full,MFDFA + OpenSMILE,sex,LightGBM,2,0.743455497382199,0.7429824561403509,0.7411566225073982
full,MFDFA + OpenSMILE,sex,LightGBM,3,0.7696335078534031,0.7690241228070176,0.766243880729862
full,MFDFA + OpenSMILE,sex,LightGBM,4,0.8167539267015707,0.8171052631578948,0.8160277403197842
full,MFDFA + OpenSMILE,sex,LightGBM,5,0.7853403141361257,0.7858004385964912,0.783823326432022
full,MFDFA + OpenSMILE,sex,XGBoost,1,0.6875,0.6875,0.6833424958768555
full,MFDFA + OpenSMILE,sex,XGBoost,2,0.7539267015706806,0.753344298245614,0.7506181070644776
full,MFDFA + OpenSMILE,sex,XGBoost,3,0.774869109947644,0.7742324561403509,0.7712574850299401
full,MFDFA + OpenSMILE,sex,XGBoost,4,0.8010471204188482,0.8015350877192983,0.7994584438549956
full,MFDFA + OpenSMILE,sex,XGBoost,5,0.7591623036649214,0.7598684210526316,0.7549643016510487
age-sex matched,Age only,age,LogReg,1,0.47619047619047616,0.47530241935483875,0.4740703263344296
age-sex matched,Age only,age,LogReg,2,0.453125,0.453125,0.44976664210267747
age-sex matched,Age only,age,LogReg,3,0.42857142857142855,0.42893145161290325,0.42842741935483875
age-sex matched,Age only,age,LogReg,4,0.4603174603174603,0.4586693548387097,0.4535714285714285
age-sex matched,Age only,age,LogReg,5,0.42857142857142855,0.4309475806451613,0.41666666666666663
age-sex matched,Age only,age,RandomForest,1,0.4444444444444444,0.44556451612903225,0.44219580065772834
age-sex matched,Age only,age,RandomForest,2,0.46875,0.46875,0.46031746031746035
age-sex matched,Age only,age,RandomForest,3,0.5079365079365079,0.5085685483870968,0.5074401008827238
age-sex matched,Age only,age,RandomForest,4,0.3968253968253968,0.39717741935483875,0.3966733870967742
age-sex matched,Age only,age,RandomForest,5,0.47619047619047616,0.4727822580645161,0.44897959183673464
age-sex matched,Age only,age,LightGBM,1,0.4126984126984127,0.4122983870967742,0.41210592686002523
age-sex matched,Age only,age,LightGBM,2,0.375,0.375,0.37254901960784315
age-sex matched,Age only,age,LightGBM,3,0.4603174603174603,0.46018145161290325,0.46018145161290325
age-sex matched,Age only,age,LightGBM,4,0.4126984126984127,0.41381048387096775,0.4103212749810271
age-sex matched,Age only,age,LightGBM,5,0.4444444444444444,0.4420362903225806,0.4300852933574567
age-sex matched,Age only,age,XGBoost,1,0.42857142857142855,0.42893145161290325,0.42842741935483875
age-sex matched,Age only,age,XGBoost,2,0.4375,0.4375,0.4285714285714286
age-sex matched,Age only,age,XGBoost,3,0.4126984126984127,0.41431451612903225,0.4073226544622426
age-sex matched,Age only,age,XGBoost,4,0.42857142857142855,0.4329637096774194,0.38369565217391305
age-sex matched,Age only,age,XGBoost,5,0.4603174603174603,0.4561491935483871,0.41793478260869565
age-sex matched,Sex only,sex,LogReg,1,0.4444444444444444,0.44506048387096775,0.4438839848675914
age-sex matched,Sex only,sex,LogReg,2,0.484375,0.484375,0.48424908424908425
age-sex matched,Sex only,sex,LogReg,3,0.42857142857142855,0.4274193548387097,0.4249492900608519
age-sex matched,Sex only,sex,LogReg,4,0.49206349206349204,0.5,0.32978723404255317
age-sex matched,Sex only,sex,LogReg,5,0.49206349206349204,0.49143145161290325,0.4909090909090909
age-sex matched,Sex only,sex,RandomForest,1,0.4444444444444444,0.44506048387096775,0.4438839848675914
age-sex matched,Sex only,sex,RandomForest,2,0.484375,0.484375,0.48424908424908425
age-sex matched,Sex only,sex,RandomForest,3,0.42857142857142855,0.4274193548387097,0.4249492900608519
age-sex matched,Sex only,sex,RandomForest,4,0.49206349206349204,0.5,0.32978723404255317
age-sex matched,Sex only,sex,RandomForest,5,0.49206349206349204,0.49143145161290325,0.4909090909090909
age-sex matched,Sex only,sex,LightGBM,1,0.4444444444444444,0.44506048387096775,0.4438839848675914
age-sex matched,Sex only,sex,LightGBM,2,0.484375,0.484375,0.48424908424908425
age-sex matched,Sex only,sex,LightGBM,3,0.42857142857142855,0.4274193548387097,0.4249492900608519
age-sex matched,Sex only,sex,LightGBM,4,0.49206349206349204,0.5,0.32978723404255317
age-sex matched,Sex only,sex,LightGBM,5,0.49206349206349204,0.49143145161290325,0.4909090909090909
age-sex matched,Sex only,sex,XGBoost,1,0.4444444444444444,0.44506048387096775,0.4438839848675914
age-sex matched,Sex only,sex,XGBoost,2,0.5,0.5,0.3333333333333333
age-sex matched,Sex only,sex,XGBoost,3,0.42857142857142855,0.4274193548387097,0.4249492900608519
age-sex matched,Sex only,sex,XGBoost,4,0.49206349206349204,0.5,0.32978723404255317
age-sex matched,Sex only,sex,XGBoost,5,0.49206349206349204,0.5,0.32978723404255317
age-sex matched,Age + Sex,age + sex,LogReg,1,0.4444444444444444,0.44506048387096775,0.4438839848675914
age-sex matched,Age + Sex,age + sex,LogReg,2,0.5,0.5,0.3333333333333333
age-sex matched,Age + Sex,age + sex,LogReg,3,0.42857142857142855,0.4274193548387097,0.4249492900608519
age-sex matched,Age + Sex,age + sex,LogReg,4,0.42857142857142855,0.42691532258064513,0.42142857142857143
age-sex matched,Age + Sex,age + sex,LogReg,5,0.4444444444444444,0.4375,0.3076923076923077
age-sex matched,Age + Sex,age + sex,RandomForest,1,0.3492063492063492,0.3477822580645161,0.34324942791762014
age-sex matched,Age + Sex,age + sex,RandomForest,2,0.390625,0.390625,0.3904761904761905
age-sex matched,Age + Sex,age + sex,RandomForest,3,0.3333333333333333,0.3316532258064516,0.325
age-sex matched,Age + Sex,age + sex,RandomForest,4,0.2857142857142857,0.2847782258064516,0.2828231722742221
age-sex matched,Age + Sex,age + sex,RandomForest,5,0.3492063492063492,0.3482862903225806,0.34657222362762463
age-sex matched,Age + Sex,age + sex,LightGBM,1,0.36507936507936506,0.3654233870967742,0.3649193548387097
age-sex matched,Age + Sex,age + sex,LightGBM,2,0.40625,0.40625,0.403921568627451
age-sex matched,Age + Sex,age + sex,LightGBM,3,0.36507936507936506,0.3639112903225806,0.36105476673427994
age-sex matched,Age + Sex,age + sex,LightGBM,4,0.36507936507936506,0.3684475806451613,0.3368421052631579
age-sex matched,Age + Sex,age + sex,LightGBM,5,0.4444444444444444,0.4410282258064516,0.41558441558441556
age-sex matched,Age + Sex,age + sex,XGBoost,1,0.38095238095238093,0.38205645161290325,0.3784467493043258
age-sex matched,Age + Sex,age + sex,XGBoost,2,0.390625,0.390625,0.38928309273305606
age-sex matched,Age + Sex,age + sex,XGBoost,3,0.3492063492063492,0.35030241935483875,0.34657222362762463
age-sex matched,Age + Sex,age + sex,XGBoost,4,0.2857142857142857,0.2857862903225806,0.2857142857142857
age-sex matched,Age + Sex,age + sex,XGBoost,5,0.38095238095238093,0.37752016129032256,0.34879406307977734
age-sex matched,MFDFA,no metadata,LogReg,1,0.6190476190476191,0.6184475806451613,0.6181818181818182
age-sex matched,MFDFA,no metadata,LogReg,2,0.640625,0.640625,0.6251591545709193
age-sex matched,MFDFA,no metadata,LogReg,3,0.5714285714285714,0.5735887096774194,0.5644046094750319
age-sex matched,MFDFA,no metadata,LogReg,4,0.6190476190476191,0.6194556451612903,0.6189516129032258
age-sex matched,MFDFA,no metadata,LogReg,5,0.6349206349206349,0.6345766129032258,0.6345523329129887
age-sex matched,MFDFA,no metadata,RandomForest,1,0.6190476190476191,0.6184475806451613,0.6181818181818182
age-sex matched,MFDFA,no metadata,RandomForest,2,0.546875,0.546875,0.5413886829750432
age-sex matched,MFDFA,no metadata,RandomForest,3,0.5873015873015873,0.5877016129032258,0.5871975806451613
age-sex matched,MFDFA,no metadata,RandomForest,4,0.6190476190476191,0.6199596774193548,0.6181818181818182
age-sex matched,MFDFA,no metadata,RandomForest,5,0.5873015873015873,0.5882056451612903,0.5863636363636364
age-sex matched,MFDFA,no metadata,LightGBM,1,0.6349206349206349,0.6335685483870968,0.631578947368421
age-sex matched,MFDFA,no metadata,LightGBM,2,0.53125,0.53125,0.530791788856305
age-sex matched,MFDFA,no metadata,LightGBM,3,0.5714285714285714,0.5715725806451613,0.5714285714285714
age-sex matched,MFDFA,no metadata,LightGBM,4,0.6031746031746031,0.6038306451612903,0.6027742749054225
age-sex matched,MFDFA,no metadata,LightGBM,5,0.6825396825396826,0.6814516129032258,0.6805273833671399
age-sex matched,MFDFA,no metadata,XGBoost,1,0.6190476190476191,0.6179435483870968,0.6166328600405679
age-sex matched,MFDFA,no metadata,XGBoost,2,0.5625,0.5625,0.5620723362658846
age-sex matched,MFDFA,no metadata,XGBoost,3,0.5238095238095238,0.5246975806451613,0.5227272727272727
age-sex matched,MFDFA,no metadata,XGBoost,4,0.6507936507936508,0.6507056451612903,0.6507056451612903
age-sex matched,MFDFA,no metadata,XGBoost,5,0.6031746031746031,0.6023185483870968,0.6015684290412345
age-sex matched,OpenSMILE,no metadata,LogReg,1,0.6666666666666666,0.6678427419354839,0.6653174803946369
age-sex matched,OpenSMILE,no metadata,LogReg,2,0.765625,0.765625,0.7608966376089663
age-sex matched,OpenSMILE,no metadata,LogReg,3,0.6190476190476191,0.6184475806451613,0.6181818181818182
age-sex matched,OpenSMILE,no metadata,LogReg,4,0.6666666666666666,0.6673387096774194,0.6663303909205549
age-sex matched,OpenSMILE,no metadata,LogReg,5,0.6031746031746031,0.6018145161290323,0.5995423340961098
age-sex matched,OpenSMILE,no metadata,RandomForest,1,0.6984126984126984,0.6950604838709677,0.6827458256029685
age-sex matched,OpenSMILE,no metadata,RandomForest,2,0.6875,0.6875,0.6666666666666667
age-sex matched,OpenSMILE,no metadata,RandomForest,3,0.6666666666666666,0.6693548387096775,0.658051176014474
age-sex matched,OpenSMILE,no metadata,RandomForest,4,0.6190476190476191,0.6244959677419355,0.5714285714285714
age-sex matched,OpenSMILE,no metadata,RandomForest,5,0.6984126984126984,0.6960685483870968,0.6906177306797622
age-sex matched,OpenSMILE,no metadata,LightGBM,1,0.6984126984126984,0.6955645161290323,0.6870588235294117
age-sex matched,OpenSMILE,no metadata,LightGBM,2,0.65625,0.65625,0.6507936507936507
age-sex matched,OpenSMILE,no metadata,LightGBM,3,0.6031746031746031,0.6033266129032258,0.6031746031746031
age-sex matched,OpenSMILE,no metadata,LightGBM,4,0.6984126984126984,0.7001008064516129,0.6956521739130435
age-sex matched,OpenSMILE,no metadata,LightGBM,5,0.6507936507936508,0.6507056451612903,0.6507056451612903
age-sex matched,OpenSMILE,no metadata,XGBoost,1,0.6825396825396826,0.6799395161290323,0.6725571725571726
age-sex matched,OpenSMILE,no metadata,XGBoost,2,0.6875,0.6875,0.6796796796796797
age-sex matched,OpenSMILE,no metadata,XGBoost,3,0.6190476190476191,0.6209677419354839,0.6142857142857143
age-sex matched,OpenSMILE,no metadata,XGBoost,4,0.6349206349206349,0.638608870967742,0.6159554730983303
age-sex matched,OpenSMILE,no metadata,XGBoost,5,0.6666666666666666,0.6648185483870968,0.6612035851472471
age-sex matched,NeuroKit2,no metadata,LogReg,1,0.6031746031746031,0.6038306451612903,0.6027742749054225
age-sex matched,NeuroKit2,no metadata,LogReg,2,0.703125,0.703125,0.703052503052503
age-sex matched,NeuroKit2,no metadata,LogReg,3,0.47619047619047616,0.47530241935483875,0.4740703263344296
age-sex matched,NeuroKit2,no metadata,LogReg,4,0.5238095238095238,0.529233870967742,0.4642857142857143
age-sex matched,NeuroKit2,no metadata,LogReg,5,0.6349206349206349,0.6335685483870968,0.631578947368421
age-sex matched,NeuroKit2,no metadata,RandomForest,1,0.5873015873015873,0.5861895161290323,0.584685598377282
age-sex matched,NeuroKit2,no metadata,RandomForest,2,0.609375,0.609375,0.6014943960149439
age-sex matched,NeuroKit2,no metadata,RandomForest,3,0.5714285714285714,0.5745967741935484,0.5552941176470588
age-sex matched,NeuroKit2,no metadata,RandomForest,4,0.6984126984126984,0.701108870967742,0.6906177306797622
age-sex matched,NeuroKit2,no metadata,RandomForest,5,0.6190476190476191,0.6179435483870968,0.6166328600405679
age-sex matched,NeuroKit2,no metadata,LightGBM,1,0.5714285714285714,0.5705645161290323,0.5696939033645332
age-sex matched,NeuroKit2,no metadata,LightGBM,2,0.609375,0.609375,0.6092796092796093
age-sex matched,NeuroKit2,no metadata,LightGBM,3,0.5238095238095238,0.5257056451612903,0.5178571428571428
age-sex matched,NeuroKit2,no metadata,LightGBM,4,0.6031746031746031,0.6058467741935484,0.5929180666838976
age-sex matched,NeuroKit2,no metadata,LightGBM,5,0.6349206349206349,0.6340725806451613,0.6334429547179358
age-sex matched,NeuroKit2,no metadata,XGBoost,1,0.6190476190476191,0.6184475806451613,0.6181818181818182
age-sex matched,NeuroKit2,no metadata,XGBoost,2,0.59375,0.59375,0.592156862745098
age-sex matched,NeuroKit2,no metadata,XGBoost,3,0.49206349206349204,0.49243951612903225,0.49193548387096775
age-sex matched,NeuroKit2,no metadata,XGBoost,4,0.6031746031746031,0.6058467741935484,0.5929180666838976
age-sex matched,NeuroKit2,no metadata,XGBoost,5,0.6825396825396826,0.6819556451612903,0.6818181818181819
age-sex matched,MFDFA + OpenSMILE,no metadata,LogReg,1,0.6349206349206349,0.6350806451612903,0.6349206349206349
age-sex matched,MFDFA + OpenSMILE,no metadata,LogReg,2,0.765625,0.765625,0.7608966376089663
age-sex matched,MFDFA + OpenSMILE,no metadata,LogReg,3,0.5873015873015873,0.5866935483870968,0.5863636363636364
age-sex matched,MFDFA + OpenSMILE,no metadata,LogReg,4,0.6666666666666666,0.6678427419354839,0.6653174803946369
age-sex matched,MFDFA + OpenSMILE,no metadata,LogReg,5,0.6507936507936508,0.6496975806451613,0.648580121703854
age-sex matched,MFDFA + OpenSMILE,no metadata,RandomForest,1,0.6825396825396826,0.6794354838709677,0.6684210526315789
age-sex matched,MFDFA + OpenSMILE,no metadata,RandomForest,2,0.671875,0.671875,0.6469661150512214
age-sex matched,MFDFA + OpenSMILE,no metadata,RandomForest,3,0.6349206349206349,0.6376008064516129,0.6254846213491858
age-sex matched,MFDFA + OpenSMILE,no metadata,RandomForest,4,0.6031746031746031,0.608366935483871,0.5586999159428412
age-sex matched,MFDFA + OpenSMILE,no metadata,RandomForest,5,0.6349206349206349,0.6350806451612903,0.6349206349206349
age-sex matched,MFDFA + OpenSMILE,no metadata,LightGBM,1,0.6666666666666666,0.6643145161290323,0.658051176014474
age-sex matched,MFDFA + OpenSMILE,no metadata,LightGBM,2,0.671875,0.671875,0.6679021497405485
age-sex matched,MFDFA + OpenSMILE,no metadata,LightGBM,3,0.6349206349206349,0.6350806451612903,0.6349206349206349
age-sex matched,MFDFA + OpenSMILE,no metadata,LightGBM,4,0.6984126984126984,0.7001008064516129,0.6956521739130435
age-sex matched,MFDFA + OpenSMILE,no metadata,LightGBM,5,0.6666666666666666,0.6658266129032258,0.6653174803946369
age-sex matched,MFDFA + OpenSMILE,no metadata,XGBoost,1,0.6984126984126984,0.6955645161290323,0.6870588235294117
age-sex matched,MFDFA + OpenSMILE,no metadata,XGBoost,2,0.6875,0.6875,0.6761133603238867
age-sex matched,MFDFA + OpenSMILE,no metadata,XGBoost,3,0.6190476190476191,0.6204637096774194,0.6166328600405679
age-sex matched,MFDFA + OpenSMILE,no metadata,XGBoost,4,0.6507936507936508,0.654233870967742,0.6352631578947369
age-sex matched,MFDFA + OpenSMILE,no metadata,XGBoost,5,0.6825396825396826,0.6804435483870968,0.6759259259259259
age-sex matched,MFDFA + NeuroKit2,no metadata,LogReg,1,0.5555555555555556,0.5554435483870968,0.5554435483870968
age-sex matched,MFDFA + NeuroKit2,no metadata,LogReg,2,0.6875,0.6875,0.6862745098039216
age-sex matched,MFDFA + NeuroKit2,no metadata,LogReg,3,0.6031746031746031,0.607358870967742,0.5758147050902236
age-sex matched,MFDFA + NeuroKit2,no metadata,LogReg,4,0.6031746031746031,0.6063508064516129,0.588235294117647
age-sex matched,MFDFA + NeuroKit2,no metadata,LogReg,5,0.6031746031746031,0.6038306451612903,0.6027742749054225
age-sex matched,MFDFA + NeuroKit2,no metadata,RandomForest,1,0.6190476190476191,0.6179435483870968,0.6166328600405679
age-sex matched,MFDFA + NeuroKit2,no metadata,RandomForest,2,0.6875,0.6875,0.6862745098039216
age-sex matched,MFDFA + NeuroKit2,no metadata,RandomForest,3,0.49206349206349204,0.4949596774193548,0.47609147609147606
age-sex matched,MFDFA + NeuroKit2,no metadata,RandomForest,4,0.6349206349206349,0.6391129032258065,0.6097495286830057
age-sex matched,MFDFA + NeuroKit2,no metadata,RandomForest,5,0.6507936507936508,0.6522177419354839,0.648580121703854
age-sex matched,MFDFA + NeuroKit2,no metadata,LightGBM,1,0.6507936507936508,0.6491935483870968,0.6464285714285714
age-sex matched,MFDFA + NeuroKit2,no metadata,LightGBM,2,0.671875,0.671875,0.6717948717948719
age-sex matched,MFDFA + NeuroKit2,no metadata,LightGBM,3,0.5079365079365079,0.5085685483870968,0.5074401008827238
age-sex matched,MFDFA + NeuroKit2,no metadata,LightGBM,4,0.6190476190476191,0.6214717741935484,0.6111111111111112
age-sex matched,MFDFA + NeuroKit2,no metadata,LightGBM,5,0.6666666666666666,0.6658266129032258,0.6653174803946369
age-sex matched,MFDFA + NeuroKit2,no metadata,XGBoost,1,0.6031746031746031,0.6013104838709677,0.5966709346991037
age-sex matched,MFDFA + NeuroKit2,no metadata,XGBoost,2,0.59375,0.59375,0.5933528836754643
age-sex matched,MFDFA + NeuroKit2,no metadata,XGBoost,3,0.6031746031746031,0.6043346774193548,0.6015684290412345
age-sex matched,MFDFA + NeuroKit2,no metadata,XGBoost,4,0.6825396825396826,0.6844758064516129,0.6785714285714286
age-sex matched,MFDFA + NeuroKit2,no metadata,XGBoost,5,0.6666666666666666,0.6678427419354839,0.6653174803946369
age-sex matched,OpenSMILE + NeuroKit2,no metadata,LogReg,1,0.6984126984126984,0.6985887096774194,0.6984126984126984
age-sex matched,OpenSMILE + NeuroKit2,no metadata,LogReg,2,0.71875,0.71875,0.708502024291498
age-sex matched,OpenSMILE + NeuroKit2,no metadata,LogReg,3,0.5873015873015873,0.5866935483870968,0.5863636363636364
age-sex matched,OpenSMILE + NeuroKit2,no metadata,LogReg,4,0.6666666666666666,0.6653225806451613,0.6636155606407322
age-sex matched,OpenSMILE + NeuroKit2,no metadata,LogReg,5,0.6825396825396826,0.6819556451612903,0.6818181818181819
age-sex matched,OpenSMILE + NeuroKit2,no metadata,RandomForest,1,0.7301587301587301,0.7268145161290323,0.7161410018552876
age-sex matched,OpenSMILE + NeuroKit2,no metadata,RandomForest,2,0.65625,0.65625,0.6267232237539766
age-sex matched,OpenSMILE + NeuroKit2,no metadata,RandomForest,3,0.6190476190476191,0.622983870967742,0.5961538461538461
age-sex matched,OpenSMILE + NeuroKit2,no metadata,RandomForest,4,0.6190476190476191,0.6244959677419355,0.5714285714285714
age-sex matched,OpenSMILE + NeuroKit2,no metadata,RandomForest,5,0.6666666666666666,0.6648185483870968,0.6612035851472471
age-sex matched,OpenSMILE + NeuroKit2,no metadata,LightGBM,1,0.6666666666666666,0.6638104838709677,0.6541176470588235
age-sex matched,OpenSMILE + NeuroKit2,no metadata,LightGBM,2,0.6875,0.6875,0.6847290640394088
age-sex matched,OpenSMILE + NeuroKit2,no metadata,LightGBM,3,0.6190476190476191,0.6194556451612903,0.6189516129032258
age-sex matched,OpenSMILE + NeuroKit2,no metadata,LightGBM,4,0.7301587301587301,0.7318548387096775,0.7276887871853547
age-sex matched,OpenSMILE + NeuroKit2,no metadata,LightGBM,5,0.6190476190476191,0.6189516129032258,0.6189516129032258
age-sex matched,OpenSMILE + NeuroKit2,no metadata,XGBoost,1,0.6666666666666666,0.6643145161290323,0.658051176014474
age-sex matched,OpenSMILE + NeuroKit2,no metadata,XGBoost,2,0.65625,0.65625,0.6437246963562753
age-sex matched,OpenSMILE + NeuroKit2,no metadata,XGBoost,3,0.6349206349206349,0.6360887096774194,0.6334429547179358
age-sex matched,OpenSMILE + NeuroKit2,no metadata,XGBoost,4,0.6984126984126984,0.702116935483871,0.6827458256029685
age-sex matched,OpenSMILE + NeuroKit2,no metadata,XGBoost,5,0.6666666666666666,0.6648185483870968,0.6612035851472471
age-sex matched,MFDFA + OpenSMILE + NeuroKit2,no metadata,LogReg,1,0.6825396825396826,0.6814516129032258,0.6805273833671399
age-sex matched,MFDFA + OpenSMILE + NeuroKit2,no metadata,LogReg,2,0.703125,0.703125,0.6940880503144654
age-sex matched,MFDFA + OpenSMILE + NeuroKit2,no metadata,LogReg,3,0.5555555555555556,0.5544354838709677,0.552738336713996
age-sex matched,MFDFA + OpenSMILE + NeuroKit2,no metadata,LogReg,4,0.7619047619047619,0.7626008064516129,0.7616645649432534
age-sex matched,MFDFA + OpenSMILE + NeuroKit2,no metadata,LogReg,5,0.6984126984126984,0.6975806451612903,0.6971920060713381
age-sex matched,MFDFA + OpenSMILE + NeuroKit2,no metadata,RandomForest,1,0.7301587301587301,0.7263104838709677,0.711553999461352
age-sex matched,MFDFA + OpenSMILE + NeuroKit2,no metadata,RandomForest,2,0.671875,0.671875,0.6469661150512214
age-sex matched,MFDFA + OpenSMILE + NeuroKit2,no metadata,RandomForest,3,0.6507936507936508,0.654233870967742,0.6352631578947369
age-sex matched,MFDFA + OpenSMILE + NeuroKit2,no metadata,RandomForest,4,0.6031746031746031,0.6088709677419355,0.5480631276901005
age-sex matched,MFDFA + OpenSMILE + NeuroKit2,no metadata,RandomForest,5,0.6190476190476191,0.6189516129032258,0.6189516129032258
age-sex matched,MFDFA + OpenSMILE + NeuroKit2,no metadata,LightGBM,1,0.7142857142857143,0.7111895161290323,0.7015789473684211
age-sex matched,MFDFA + OpenSMILE + NeuroKit2,no metadata,LightGBM,2,0.65625,0.65625,0.6507936507936507
age-sex matched,MFDFA + OpenSMILE + NeuroKit2,no metadata,LightGBM,3,0.6349206349206349,0.6350806451612903,0.6349206349206349
age-sex matched,MFDFA + OpenSMILE + NeuroKit2,no metadata,LightGBM,4,0.746031746031746,0.7474798387096775,0.7444219066937119
age-sex matched,MFDFA + OpenSMILE + NeuroKit2,no metadata,LightGBM,5,0.6666666666666666,0.6658266129032258,0.6653174803946369
age-sex matched,MFDFA + OpenSMILE + NeuroKit2,no metadata,XGBoost,1,0.6825396825396826,0.6799395161290323,0.6725571725571726
age-sex matched,MFDFA + OpenSMILE + NeuroKit2,no metadata,XGBoost,2,0.6875,0.6875,0.6796796796796797
age-sex matched,MFDFA + OpenSMILE + NeuroKit2,no metadata,XGBoost,3,0.6190476190476191,0.6204637096774194,0.6166328600405679
age-sex matched,MFDFA + OpenSMILE + NeuroKit2,no metadata,XGBoost,4,0.6984126984126984,0.7016129032258065,0.6870588235294117
age-sex matched,MFDFA + OpenSMILE + NeuroKit2,no metadata,XGBoost,5,0.6666666666666666,0.6653225806451613,0.6636155606407322
age-sex matched,MFDFA,age + sex,LogReg,1,0.5555555555555556,0.5559475806451613,0.5554435483870968
age-sex matched,MFDFA,age + sex,LogReg,2,0.609375,0.609375,0.5797215655371684
age-sex matched,MFDFA,age + sex,LogReg,3,0.5873015873015873,0.5892137096774194,0.5821428571428571
age-sex matched,MFDFA,age + sex,LogReg,4,0.5873015873015873,0.5877016129032258,0.5871975806451613
age-sex matched,MFDFA,age + sex,LogReg,5,0.6190476190476191,0.6174395161290323,0.6142857142857143
age-sex matched,MFDFA,age + sex,RandomForest,1,0.6031746031746031,0.6028225806451613,0.6027742749054225
age-sex matched,MFDFA,age + sex,RandomForest,2,0.546875,0.546875,0.5458771715194519
age-sex matched,MFDFA,age + sex,RandomForest,3,0.5873015873015873,0.5882056451612903,0.5863636363636364
age-sex matched,MFDFA,age + sex,RandomForest,4,0.6031746031746031,0.6023185483870968,0.6015684290412345
age-sex matched,MFDFA,age + sex,RandomForest,5,0.5714285714285714,0.5720766129032258,0.5709962168978562
age-sex matched,MFDFA,age + sex,LightGBM,1,0.6031746031746031,0.6018145161290323,0.5995423340961098
age-sex matched,MFDFA,age + sex,LightGBM,2,0.53125,0.53125,0.5294117647058824
age-sex matched,MFDFA,age + sex,LightGBM,3,0.5396825396825397,0.5403225806451613,0.53921815889029
age-sex matched,MFDFA,age + sex,LightGBM,4,0.5873015873015873,0.5882056451612903,0.5863636363636364
age-sex matched,MFDFA,age + sex,LightGBM,5,0.6031746031746031,0.6023185483870968,0.6015684290412345
age-sex matched,MFDFA,age + sex,XGBoost,1,0.5873015873015873,0.5861895161290323,0.584685598377282
age-sex matched,MFDFA,age + sex,XGBoost,2,0.515625,0.515625,0.5126504544338001
age-sex matched,MFDFA,age + sex,XGBoost,3,0.5238095238095238,0.5246975806451613,0.5227272727272727
age-sex matched,MFDFA,age + sex,XGBoost,4,0.5873015873015873,0.5877016129032258,0.5871975806451613
age-sex matched,MFDFA,age + sex,XGBoost,5,0.5714285714285714,0.5720766129032258,0.5709962168978562
age-sex matched,OpenSMILE,age + sex,LogReg,1,0.6190476190476191,0.6209677419354839,0.6142857142857143
age-sex matched,OpenSMILE,age + sex,LogReg,2,0.75,0.75,0.7437437437437437
age-sex matched,OpenSMILE,age + sex,LogReg,3,0.6507936507936508,0.6512096774193548,0.6507056451612903
age-sex matched,OpenSMILE,age + sex,LogReg,4,0.7142857142857143,0.7147177419354839,0.7142137096774194
age-sex matched,OpenSMILE,age + sex,LogReg,5,0.6031746031746031,0.6033266129032258,0.6031746031746031
age-sex matched,OpenSMILE,age + sex,RandomForest,1,0.6666666666666666,0.6633064516129032,0.6493506493506493
age-sex matched,OpenSMILE,age + sex,RandomForest,2,0.65625,0.65625,0.6190476190476191
age-sex matched,OpenSMILE,age + sex,RandomForest,3,0.6349206349206349,0.6376008064516129,0.6254846213491858
age-sex matched,OpenSMILE,age + sex,RandomForest,4,0.6190476190476191,0.623991935483871,0.5809312638580931
age-sex matched,OpenSMILE,age + sex,RandomForest,5,0.6825396825396826,0.6809475806451613,0.6785714285714286
age-sex matched,OpenSMILE,age + sex,LightGBM,1,0.6825396825396826,0.6804435483870968,0.6759259259259259
age-sex matched,OpenSMILE,age + sex,LightGBM,2,0.65625,0.65625,0.6507936507936507
age-sex matched,OpenSMILE,age + sex,LightGBM,3,0.6190476190476191,0.6194556451612903,0.6189516129032258
age-sex matched,OpenSMILE,age + sex,LightGBM,4,0.6984126984126984,0.7001008064516129,0.6956521739130435
age-sex matched,OpenSMILE,age + sex,LightGBM,5,0.6349206349206349,0.6340725806451613,0.6334429547179358
age-sex matched,OpenSMILE,age + sex,XGBoost,1,0.6984126984126984,0.6950604838709677,0.6827458256029685
age-sex matched,OpenSMILE,age + sex,XGBoost,2,0.6875,0.6875,0.6796796796796797
age-sex matched,OpenSMILE,age + sex,XGBoost,3,0.6349206349206349,0.6360887096774194,0.6334429547179358
age-sex matched,OpenSMILE,age + sex,XGBoost,4,0.6666666666666666,0.670866935483871,0.6436843522757878
age-sex matched,OpenSMILE,age + sex,XGBoost,5,0.6507936507936508,0.6486895161290323,0.6435185185185185
age-sex matched,MFDFA + OpenSMILE,age + sex,LogReg,1,0.6031746031746031,0.6043346774193548,0.6015684290412345
age-sex matched,MFDFA + OpenSMILE,age + sex,LogReg,2,0.75,0.75,0.7437437437437437
age-sex matched,MFDFA + OpenSMILE,age + sex,LogReg,3,0.6190476190476191,0.6184475806451613,0.6181818181818182
age-sex matched,MFDFA + OpenSMILE,age + sex,LogReg,4,0.7301587301587301,0.7303427419354839,0.7301587301587301
age-sex matched,MFDFA + OpenSMILE,age + sex,LogReg,5,0.6349206349206349,0.6345766129032258,0.6345523329129887
age-sex matched,MFDFA + OpenSMILE,age + sex,RandomForest,1,0.6666666666666666,0.6633064516129032,0.6493506493506493
age-sex matched,MFDFA + OpenSMILE,age + sex,RandomForest,2,0.671875,0.671875,0.6469661150512214
age-sex matched,MFDFA + OpenSMILE,age + sex,RandomForest,3,0.6349206349206349,0.6370967741935484,0.6289372599231754
age-sex matched,MFDFA + OpenSMILE,age + sex,RandomForest,4,0.6666666666666666,0.670866935483871,0.6436843522757878
age-sex matched,MFDFA + OpenSMILE,age + sex,RandomForest,5,0.6825396825396826,0.6814516129032258,0.6805273833671399
age-sex matched,MFDFA + OpenSMILE,age + sex,LightGBM,1,0.6666666666666666,0.6643145161290323,0.658051176014474
age-sex matched,MFDFA + OpenSMILE,age + sex,LightGBM,2,0.65625,0.65625,0.6532019704433498
age-sex matched,MFDFA + OpenSMILE,age + sex,LightGBM,3,0.7142857142857143,0.7152217741935484,0.7136363636363636
age-sex matched,MFDFA + OpenSMILE,age + sex,LightGBM,4,0.6825396825396826,0.6844758064516129,0.6785714285714286
age-sex matched,MFDFA + OpenSMILE,age + sex,LightGBM,5,0.6031746031746031,0.6033266129032258,0.6031746031746031
age-sex matched,MFDFA + OpenSMILE,age + sex,XGBoost,1,0.6666666666666666,0.6638104838709677,0.6541176470588235
age-sex matched,MFDFA + OpenSMILE,age + sex,XGBoost,2,0.671875,0.671875,0.6618867924528302
age-sex matched,MFDFA + OpenSMILE,age + sex,XGBoost,3,0.6190476190476191,0.6204637096774194,0.6166328600405679
age-sex matched,MFDFA + OpenSMILE,age + sex,XGBoost,4,0.6031746031746031,0.607358870967742,0.5758147050902236
age-sex matched,MFDFA + OpenSMILE,age + sex,XGBoost,5,0.6666666666666666,0.6648185483870968,0.6612035851472471
age-sex matched,MFDFA + NeuroKit2,age + sex,LogReg,1,0.5396825396825397,0.5393145161290323,0.53921815889029
age-sex matched,MFDFA + NeuroKit2,age + sex,LogReg,2,0.671875,0.671875,0.6717948717948719
age-sex matched,MFDFA + NeuroKit2,age + sex,LogReg,3,0.5873015873015873,0.5907258064516129,0.5689473684210526
age-sex matched,MFDFA + NeuroKit2,age + sex,LogReg,4,0.5714285714285714,0.5756048387096775,0.5418798814974414
age-sex matched,MFDFA + NeuroKit2,age + sex,LogReg,5,0.6507936507936508,0.6496975806451613,0.648580121703854
age-sex matched,MFDFA + NeuroKit2,age + sex,RandomForest,1,0.6190476190476191,0.6164314516129032,0.6070686070686071
age-sex matched,MFDFA + NeuroKit2,age + sex,RandomForest,2,0.65625,0.65625,0.6532019704433498
age-sex matched,MFDFA + NeuroKit2,age + sex,RandomForest,3,0.5079365079365079,0.5105846774193548,0.4952184026880331
age-sex matched,MFDFA + NeuroKit2,age + sex,RandomForest,4,0.6349206349206349,0.639616935483871,0.6024691358024691
age-sex matched,MFDFA + NeuroKit2,age + sex,RandomForest,5,0.6190476190476191,0.6199596774193548,0.6181818181818182
age-sex matched,MFDFA + NeuroKit2,age + sex,LightGBM,1,0.6507936507936508,0.6496975806451613,0.648580121703854
age-sex matched,MFDFA + NeuroKit2,age + sex,LightGBM,2,0.703125,0.703125,0.703052503052503
age-sex matched,MFDFA + NeuroKit2,age + sex,LightGBM,3,0.47619047619047616,0.47731854838709675,0.4740703263344296
age-sex matched,MFDFA + NeuroKit2,age + sex,LightGBM,4,0.6031746031746031,0.6053427419354839,0.5966709346991037
age-sex matched,MFDFA + NeuroKit2,age + sex,LightGBM,5,0.6349206349206349,0.6345766129032258,0.6345523329129887
age-sex matched,MFDFA + NeuroKit2,age + sex,XGBoost,1,0.6031746031746031,0.6013104838709677,0.5966709346991037
age-sex matched,MFDFA + NeuroKit2,age + sex,XGBoost,2,0.59375,0.59375,0.592156862745098
age-sex matched,MFDFA + NeuroKit2,age + sex,XGBoost,3,0.5555555555555556,0.5579637096774194,0.5462962962962963
age-sex matched,MFDFA + NeuroKit2,age + sex,XGBoost,4,0.6666666666666666,0.6683467741935484,0.6636155606407322
age-sex matched,MFDFA + NeuroKit2,age + sex,XGBoost,5,0.6349206349206349,0.6355846774193548,0.6345523329129887
age-sex matched,OpenSMILE + NeuroKit2,age + sex,LogReg,1,0.6507936507936508,0.6517137096774194,0.6499999999999999
age-sex matched,OpenSMILE + NeuroKit2,age + sex,LogReg,2,0.734375,0.734375,0.7290161892901619
age-sex matched,OpenSMILE + NeuroKit2,age + sex,LogReg,3,0.5714285714285714,0.5710685483870968,0.5709962168978562
age-sex matched,OpenSMILE + NeuroKit2,age + sex,LogReg,4,0.7619047619047619,0.7626008064516129,0.7616645649432534
age-sex matched,OpenSMILE + NeuroKit2,age + sex,LogReg,5,0.6666666666666666,0.6658266129032258,0.6653174803946369
age-sex matched,OpenSMILE + NeuroKit2,age + sex,RandomForest,1,0.6984126984126984,0.6945564516129032,0.6776191758685699
age-sex matched,OpenSMILE + NeuroKit2,age + sex,RandomForest,2,0.65625,0.65625,0.6267232237539766
age-sex matched,OpenSMILE + NeuroKit2,age + sex,RandomForest,3,0.6190476190476191,0.6219758064516129,0.6070686070686071
age-sex matched,OpenSMILE + NeuroKit2,age + sex,RandomForest,4,0.6031746031746031,0.608366935483871,0.5586999159428412
age-sex matched,OpenSMILE + NeuroKit2,age + sex,RandomForest,5,0.7142857142857143,0.7121975806451613,0.7083333333333333
age-sex matched,OpenSMILE + NeuroKit2,age + sex,LightGBM,1,0.6666666666666666,0.6648185483870968,0.6612035851472471
age-sex matched,OpenSMILE + NeuroKit2,age + sex,LightGBM,2,0.671875,0.671875,0.6679021497405485
age-sex matched,OpenSMILE + NeuroKit2,age + sex,LightGBM,3,0.6349206349206349,0.6355846774193548,0.6345523329129887
age-sex matched,OpenSMILE + NeuroKit2,age + sex,LightGBM,4,0.746031746031746,0.7474798387096775,0.7444219066937119
age-sex matched,OpenSMILE + NeuroKit2,age + sex,LightGBM,5,0.6190476190476191,0.6184475806451613,0.6181818181818182
age-sex matched,OpenSMILE + NeuroKit2,age + sex,XGBoost,1,0.6825396825396826,0.6799395161290323,0.6725571725571726
age-sex matched,OpenSMILE + NeuroKit2,age + sex,XGBoost,2,0.703125,0.703125,0.6940880503144654
age-sex matched,OpenSMILE + NeuroKit2,age + sex,XGBoost,3,0.6507936507936508,0.6522177419354839,0.648580121703854
age-sex matched,OpenSMILE + NeuroKit2,age + sex,XGBoost,4,0.6984126984126984,0.702116935483871,0.6827458256029685
age-sex matched,OpenSMILE + NeuroKit2,age + sex,XGBoost,5,0.6507936507936508,0.6491935483870968,0.6464285714285714
age-sex matched,MFDFA + OpenSMILE + NeuroKit2,age + sex,LogReg,1,0.6507936507936508,0.6512096774193548,0.6507056451612903
age-sex matched,MFDFA + OpenSMILE + NeuroKit2,age + sex,LogReg,2,0.71875,0.71875,0.7142857142857143
age-sex matched,MFDFA + OpenSMILE + NeuroKit2,age + sex,LogReg,3,0.5396825396825397,0.5388104838709677,0.537819377687832
age-sex matched,MFDFA + OpenSMILE + NeuroKit2,age + sex,LogReg,4,0.7301587301587301,0.7293346774193548,0.7290665317480395
age-sex matched,MFDFA + OpenSMILE + NeuroKit2,age + sex,LogReg,5,0.6666666666666666,0.6658266129032258,0.6653174803946369
age-sex matched,MFDFA + OpenSMILE + NeuroKit2,age + sex,RandomForest,1,0.6984126984126984,0.6950604838709677,0.6827458256029685
age-sex matched,MFDFA + OpenSMILE + NeuroKit2,age + sex,RandomForest,2,0.65625,0.65625,0.6267232237539766
age-sex matched,MFDFA + OpenSMILE + NeuroKit2,age + sex,RandomForest,3,0.6507936507936508,0.654233870967742,0.6352631578947369
age-sex matched,MFDFA + OpenSMILE + NeuroKit2,age + sex,RandomForest,4,0.6031746031746031,0.6088709677419355,0.5480631276901005
age-sex matched,MFDFA + OpenSMILE + NeuroKit2,age + sex,RandomForest,5,0.6190476190476191,0.6179435483870968,0.6166328600405679
age-sex matched,MFDFA + OpenSMILE + NeuroKit2,age + sex,LightGBM,1,0.6666666666666666,0.6643145161290323,0.658051176014474
age-sex matched,MFDFA + OpenSMILE + NeuroKit2,age + sex,LightGBM,2,0.640625,0.640625,0.6333748443337484
age-sex matched,MFDFA + OpenSMILE + NeuroKit2,age + sex,LightGBM,3,0.6349206349206349,0.6350806451612903,0.6349206349206349
age-sex matched,MFDFA + OpenSMILE + NeuroKit2,age + sex,LightGBM,4,0.7142857142857143,0.7152217741935484,0.7136363636363636
age-sex matched,MFDFA + OpenSMILE + NeuroKit2,age + sex,LightGBM,5,0.6349206349206349,0.6340725806451613,0.6334429547179358
age-sex matched,MFDFA + OpenSMILE + NeuroKit2,age + sex,XGBoost,1,0.6666666666666666,0.6643145161290323,0.658051176014474
age-sex matched,MFDFA + OpenSMILE + NeuroKit2,age + sex,XGBoost,2,0.703125,0.703125,0.6940880503144654
age-sex matched,MFDFA + OpenSMILE + NeuroKit2,age + sex,XGBoost,3,0.6666666666666666,0.6683467741935484,0.6636155606407322
age-sex matched,MFDFA + OpenSMILE + NeuroKit2,age + sex,XGBoost,4,0.6984126984126984,0.702116935483871,0.6827458256029685
age-sex matched,MFDFA + OpenSMILE + NeuroKit2,age + sex,XGBoost,5,0.6666666666666666,0.6648185483870968,0.6612035851472471
