setting,config,metadata,model,accuracy_mean,accuracy_sd,accuracy_ci_lo,accuracy_ci_hi,balanced_accuracy_mean,balanced_accuracy_sd,balanced_accuracy_ci_lo,balanced_accuracy_ci_hi,f1_macro_mean,f1_macro_sd,f1_macro_ci_lo,f1_macro_ci_hi
full,Age only,age,RandomForest,0.5376315789473683,0.06790961540530743,0.4533106543667344,0.6219525035280022,0.5530654101995566,0.06072421164746379,0.4776663427775951,0.628464477621518,0.5360511473529846,0.06855461763286175,0.4509293467276353,0.621172947978334
full,Age only,age,LightGBM,0.49146929824561403,0.06997944120556783,0.40457834548624344,0.5783602510049846,0.5185033259423504,0.05996120449794315,0.4440516570283208,0.59295499485638,0.4830443355467805,0.07541725077029912,0.38940145042179497,0.576687220671766
full,Age only,age,XGBoost,0.5207894736842106,0.09888243371561156,0.39801071568476565,0.6435682316836555,0.533025023756731,0.09080902473220781,0.4202707270347533,0.6457793204787087,0.5183506306462518,0.09915899296656572,0.39522847898152685,0.6414727823109767
full,Sex only,sex,RandomForest,0.545657894736842,0.08552384161963329,0.43946601960966264,0.6518497698640213,0.5582079505859994,0.057816724033013925,0.48641900586012365,0.6299968953118751,0.5151322049445308,0.13131970003931817,0.352077261150792,0.6781871487382696
full,Sex only,sex,LightGBM,0.545657894736842,0.08552384161963329,0.43946601960966264,0.6518497698640213,0.5582079505859994,0.057816724033013925,0.48641900586012365,0.6299968953118751,0.5151322049445308,0.13131970003931817,0.352077261150792,0.6781871487382696
full,Sex only,sex,XGBoost,0.6130263157894736,0.0949773587573157,0.49509634877603176,0.7309562828029156,0.6061624960405448,0.0886714508519479,0.4960623478491867,0.716262644231903,0.6047079767120833,0.09142193138482559,0.4911926558652906,0.718223297558876
full,Age + Sex,age + sex,RandomForest,0.5565131578947369,0.04203507490554239,0.5043197187227264,0.6087065970667473,0.5630978777320241,0.03967519385234535,0.5138346179038116,0.6123611375602367,0.5544109773292174,0.04140662084981936,0.5029978669327233,0.6058240877257115
full,Age + Sex,age + sex,LightGBM,0.5605043859649123,0.042070012199177026,0.508267566413201,0.6127412055166235,0.5857150776053215,0.038212422377491534,0.5382680884550344,0.6331620667556086,0.5566216698428217,0.04511605627578405,0.5006026870242456,0.6126406526613978
full,Age + Sex,age + sex,XGBoost,0.5958552631578947,0.08530960370183557,0.4899293995402949,0.7017811267754945,0.6037915742793791,0.07362451153005926,0.5123746689271667,0.6952084796315916,0.5918315622286571,0.0831427674540632,0.48859618116991915,0.6950669432873949
full,MFDFA,no metadata,RandomForest,0.5714473684210526,0.07656228309621854,0.4763827378801934,0.6665119989619118,0.561775419702249,0.07784872552337467,0.4651134599138282,0.6584373794906698,0.5604469528666669,0.07941375409057116,0.4618417534501978,0.6590521522831361
full,MFDFA,no metadata,LightGBM,0.5400219298245614,0.07079903846336928,0.45211331265715227,0.6279305469919706,0.5359676908457397,0.07241211816635537,0.44605617068489944,0.62587921100658,0.5328228786981709,0.07280633442553237,0.44242187440080405,0.6232238829955378
full,MFDFA,no metadata,XGBoost,0.5483991228070175,0.06846047278727115,0.4633942184470544,0.6334040271669806,0.5434273044029142,0.06426240466901105,0.4636349900874017,0.6232196187184267,0.541343113313907,0.06631834462777778,0.4589980123691254,0.6236882142586887
full,OpenSMILE,no metadata,RandomForest,0.6380043859649123,0.05882614635646597,0.5649620778810229,0.7110466940488016,0.6228183401963889,0.05913712642434901,0.5493898993580503,0.6962467810347276,0.6225487174815838,0.05933121713525183,0.5488792811951313,0.6962181537680363
full,OpenSMILE,no metadata,LightGBM,0.6276754385964913,0.02717956039013366,0.5939275569730573,0.6614233202199253,0.6172093759898638,0.027026179907252985,0.5836519413900498,0.6507668105896778,0.6166183156673233,0.02677412885304585,0.5833738437872276,0.649862787547419
full,OpenSMILE,no metadata,XGBoost,0.636030701754386,0.06956507105771549,0.549654257489534,0.7224071460192381,0.6249366487171365,0.06441327625290241,0.5449570025875541,0.7049162948467189,0.6240655579771326,0.06707946393157269,0.5407754025944909,0.7073557133597743
full,NeuroKit2,no metadata,RandomForest,0.5775657894736843,0.057031121865066425,0.5067522986766598,0.6483792802707088,0.5591906873614191,0.057954545143458956,0.48723061512451127,0.6311507595983269,0.5587236017443545,0.058635850833477624,0.48591757676037917,0.6315296267283299
full,NeuroKit2,no metadata,LightGBM,0.521030701754386,0.039787480200650364,0.4716280200099934,0.5704333834987787,0.5129893886601203,0.04669508731616346,0.4550097798466589,0.5709689974735818,0.5097907309415383,0.04502829322463976,0.4538807203439406,0.565700741539136
full,NeuroKit2,no metadata,XGBoost,0.5461403508771929,0.06112933187787708,0.4702382602501833,0.6220424415042026,0.5355503642698765,0.06414841663913892,0.4558995847872824,0.6152011437524706,0.5333916807371335,0.06227740079235933,0.4560640742715544,0.6107192872027126
full,MFDFA + OpenSMILE,no metadata,RandomForest,0.6296271929824562,0.07969045239975774,0.5306784272371062,0.7285759587278061,0.6127858726639215,0.07769324924486022,0.5163169621731067,0.7092547831547362,0.6131959503741198,0.0781953389671373,0.5161036131512855,0.7102882875969541
full,MFDFA + OpenSMILE,no metadata,LightGBM,0.613048245614035,0.06058022246665124,0.5378279643740194,0.6882685268540507,0.606714444092493,0.056621640771818284,0.5364093912268998,0.6770194969580862,0.6049319942341741,0.05741393853276164,0.5336431737629601,0.6762208147053881
full,MFDFA + OpenSMILE,no metadata,XGBoost,0.6339473684210526,0.08307484581574584,0.5307963232153123,0.7370984136267928,0.6212559391827683,0.07979485801018925,0.5221775367497351,0.7203343416158016,0.6209880954484918,0.08037363444190128,0.5211910471571929,0.7207851437397906
full,MFDFA + NeuroKit2,no metadata,RandomForest,0.579780701754386,0.08889131373053576,0.4694075577421438,0.6901538457666282,0.5657895153626861,0.0904809910775331,0.4534425262199172,0.6781365045054549,0.5661346702012806,0.09123281158320667,0.4528541726035055,0.6794151677990556
full,MFDFA + NeuroKit2,no metadata,LightGBM,0.5314473684210526,0.024404924276616162,0.5011446525678892,0.5617500842742159,0.5214230281913208,0.03334111169595423,0.48002457013836397,0.5628214862442776,0.5192496099769633,0.03255776470473084,0.4788238056811098,0.5596754142728169
full,MFDFA + NeuroKit2,no metadata,XGBoost,0.5461842105263158,0.05385822714778125,0.47931038886983524,0.6130580321827964,0.5380986696230599,0.058606141655940795,0.46532953345524825,0.6108678057908714,0.5354252533150589,0.05825098168775912,0.4630971064933416,0.6077534001367761
full,OpenSMILE + NeuroKit2,no metadata,RandomForest,0.6463157894736842,0.074058165327826,0.5543604318131004,0.738271147134268,0.6258378207158695,0.07594431076401732,0.5315405041717906,0.7201351372599484,0.6260982370232051,0.0775861042587773,0.5297623646041976,0.7224341094422126
full,OpenSMILE + NeuroKit2,no metadata,LightGBM,0.6339035087719298,0.04994312323667218,0.5718909306911001,0.6959160868527595,0.6238612606905289,0.04313347791106577,0.5703039740510413,0.6774185473300166,0.6234826832435933,0.04519221399067276,0.5673691381322545,0.6795962283549322
full,OpenSMILE + NeuroKit2,no metadata,XGBoost,0.6213377192982457,0.050320800663128044,0.5588561927540515,0.6838192458424398,0.6077454862210959,0.05035645575862371,0.5452196880284722,0.6702712844137196,0.6083034481102796,0.05096377984050918,0.5450235574699366,0.6715833387506226
full,MFDFA + OpenSMILE + NeuroKit2,no metadata,RandomForest,0.6233333333333333,0.061065574238763055,0.5475104082714219,0.6991562583952446,0.605253405131454,0.06136165771549183,0.5290628438760255,0.6814439663868824,0.6050431312143827,0.061951851704636275,0.5281197473306773,0.681966515098088
full,MFDFA + OpenSMILE + NeuroKit2,no metadata,LightGBM,0.6130482456140351,0.051002520698242355,0.5497202518453853,0.676376239382685,0.6025546404814698,0.04572097639732945,0.5457845501261818,0.6593247308367578,0.6022772926161233,0.04683195343258302,0.5441277420733297,0.6604268431589169
full,MFDFA + OpenSMILE + NeuroKit2,no metadata,XGBoost,0.6443201754385964,0.05768635036195725,0.5726931110063854,0.7159472398708074,0.6358378207158696,0.05865459146449376,0.5630085261650579,0.7086671152666812,0.6353435614039886,0.058144099992883315,0.5631481257348656,0.7075389970731116
full,MFDFA,age + sex,RandomForest,0.6298903508771929,0.05110058525877035,0.5664405938742358,0.69334010788015,0.6231145074437757,0.05459198742484539,0.5553296020679526,0.6908994128195989,0.6216305236769506,0.05320656375369625,0.5555658489958526,0.6876951983580486
full,MFDFA,age + sex,LightGBM,0.6006578947368422,0.08016921960649588,0.5011146609873649,0.7002011284863194,0.5991613873930947,0.0813476456836631,0.4981549444090544,0.7001678303771349,0.5955315416048999,0.08109180263692445,0.4948427697211857,0.696220313488614
full,MFDFA,age + sex,XGBoost,0.5858552631578948,0.0449052985937904,0.5300979705653952,0.6416125557503944,0.5891004117833386,0.04985548380878877,0.527196652424935,0.6510041711417422,0.5822354126645133,0.04613582873812292,0.5249502150930915,0.6395206102359351
full,OpenSMILE,age + sex,RandomForest,0.6610307017543859,0.06435803866385816,0.5811196421504674,0.7409417613583045,0.6459106746911625,0.06390671115413556,0.5665600122074654,0.7252613371748595,0.6463419279616078,0.06623801699317935,0.5640965669487679,0.7285872889744478
full,OpenSMILE,age + sex,LightGBM,0.6589912280701754,0.0470102631874391,0.6006202767242486,0.7173621794161023,0.6577407348748812,0.04342274806488079,0.6038242718996465,0.7116571978501158,0.6539915724673228,0.04512304276135234,0.5979639147811426,0.7100192301535029
full,OpenSMILE,age + sex,XGBoost,0.669517543859649,0.03943948018594621,0.620546961204889,0.7184881265144091,0.6627043078872348,0.040159313081952766,0.6128399346407806,0.712568681133689,0.6609670055784698,0.04002535578790758,0.6112689622813283,0.7106650488756112
full,MFDFA + OpenSMILE,age + sex,RandomForest,0.6359649122807018,0.07633032132515302,0.5411883003199343,0.7307415242414694,0.6197220462464365,0.0761731518502211,0.5251405859643085,0.7143035065285644,0.6203513187566593,0.07666837866250853,0.5251549531707688,0.7155476843425498
full,MFDFA + OpenSMILE,age + sex,LightGBM,0.6442543859649122,0.05300866605471773,0.5784354337319633,0.7100733381978612,0.6422252138105797,0.051364997258003954,0.5784471459474811,0.7060032816736783,0.6387351840235943,0.05252107901899445,0.5735216510588939,0.7039487169882948
full,MFDFA + OpenSMILE,age + sex,XGBoost,0.6466008771929824,0.06925260127918316,0.5606124154026607,0.7325893389833041,0.6403143807412099,0.06976313467372608,0.5536920080150036,0.7269367534674163,0.6388481974386812,0.06898690259698255,0.5531896441364181,0.7245067507409442
full,MFDFA + NeuroKit2,age + sex,RandomForest,0.6215131578947368,0.03943211749085065,0.5725517172334066,0.6704745985560671,0.6084637313905606,0.045250084041327236,0.55227833112075,0.6646491316603713,0.6074707411631829,0.04299860796655589,0.5540809176782329,0.6608605646481329
full,MFDFA + NeuroKit2,age + sex,LightGBM,0.5754824561403509,0.04274028009264399,0.5224133890761697,0.628551523204532,0.576345422869813,0.05299602604928723,0.5105421652765443,0.6421486804630818,0.5684016074907617,0.0474235965148879,0.5095174350328839,0.6272857799486395
full,MFDFA + NeuroKit2,age + sex,XGBoost,0.6005482456140351,0.044891307015931754,0.5448083258600406,0.6562881653680296,0.6013493823249921,0.051980317553402225,0.5368072934037335,0.6658914712462508,0.5939058450288778,0.045496567807858074,0.5374143947400241,0.6503972953177315
full,OpenSMILE + NeuroKit2,age + sex,RandomForest,0.635921052631579,0.06605868712194607,0.553898359063652,0.7179437461995061,0.6195391194171682,0.06745132234460281,0.5357872408306378,0.7032909980036987,0.6201022367007176,0.06928907164944861,0.5340684909646362,0.7061359824367991
full,OpenSMILE + NeuroKit2,age + sex,LightGBM,0.6485526315789474,0.04495823968140709,0.5927296039439284,0.7043756592139664,0.6460445042762115,0.042534567646858756,0.5932308629499444,0.6988581456024786,0.6430874329863419,0.043603599777178086,0.5889464129509342,0.6972284530217495
full,OpenSMILE + NeuroKit2,age + sex,XGBoost,0.6506140350877193,0.06452888606814826,0.5704908404127071,0.7307372297627315,0.6432934748178651,0.06318541048405928,0.564838425408082,0.7217485242276482,0.6424571656768817,0.06372587867874716,0.5633310363675805,0.7215832949861829
full,MFDFA + OpenSMILE + NeuroKit2,age + sex,RandomForest,0.6484429824561404,0.06641155091049085,0.5659821506257074,0.7309038142865734,0.6277130186886284,0.06673573619491593,0.5448496576617774,0.7105763797154794,0.6285670616895181,0.06849438035298691,0.5435200555259391,0.7136140678530972
full,MFDFA + OpenSMILE + NeuroKit2,age + sex,LightGBM,0.6129605263157896,0.05766050061705727,0.5413655585811836,0.6845554940503955,0.6084471016788091,0.05573290253616682,0.5392455630842515,0.6776486402733667,0.6063477803348137,0.05635732509243653,0.5363709187324697,0.6763246419371578
full,MFDFA + OpenSMILE + NeuroKit2,age + sex,XGBoost,0.6548464912280701,0.06699666385888922,0.5716591457147281,0.7380338367414122,0.6515235983528667,0.0652476561242682,0.5705079327761835,0.7325392639295498,0.6491229806159693,0.06593875262728896,0.5672492053922007,0.7309967558397379
full,MFDFA + OpenSMILE,sex,RandomForest,0.6422149122807017,0.06767842847655157,0.5581810441863592,0.7262487803750443,0.6262963256255938,0.06590618729620408,0.5444629856010229,0.7081296656501647,0.6264586033715244,0.066395219165391,0.5440180500810098,0.708899156662039
full,MFDFA + OpenSMILE,sex,LightGBM,0.6192982456140351,0.06148784152398381,0.542951006466446,0.6956454847616242,0.6127858726639215,0.05710780303150214,0.5418771696231934,0.6836945757046495,0.6112282366554187,0.0580079936605585,0.5392017993190711,0.6832546739917663
full,MFDFA + OpenSMILE,sex,XGBoost,0.6360307017543859,0.07554703612201183,0.5422266668306845,0.7298347366780873,0.6243443142223629,0.07491435063975371,0.5313258620841677,0.7173627663605582,0.6238009972905129,0.07568127257149347,0.5298302858002434,0.7177717087807823
age-sex matched,Age only,age,RandomForest,0.42435064935064937,0.06944789257007997,0.3381197013952584,0.5105815973060404,0.42407407407407405,0.06870894204745955,0.3387606543790747,0.5093874937690734,0.419527354407346,0.06585611706051683,0.3377561847918096,0.5012985240228824
age-sex matched,Age only,age,LightGBM,0.3664935064935064,0.06547237118122749,0.2851988203207426,0.44778819266627023,0.3658730158730158,0.0652208290638027,0.28489066049149026,0.44685537125454133,0.3550120759283426,0.06386244544330201,0.2757163765841425,0.4343077752725427
age-sex matched,Age only,age,XGBoost,0.36311688311688306,0.07037992038061172,0.27572866978383015,0.45050509644993597,0.36296296296296293,0.06941672412222781,0.27677071574714984,0.449155210178776,0.3592155666334886,0.06976993676820847,0.27258474799145105,0.4458463852755261
age-sex matched,Sex only,sex,RandomForest,0.43188311688311687,0.05286597695729439,0.36624133656537466,0.4975248972008591,0.43240740740740746,0.05312333006710785,0.3664460809983841,0.4983687338164308,0.42862922405480475,0.05158401964133092,0.3645792039835283,0.4926792441260812
age-sex matched,Sex only,sex,LightGBM,0.43188311688311687,0.05286597695729439,0.36624133656537466,0.4975248972008591,0.43240740740740746,0.05312333006710785,0.3664460809983841,0.4983687338164308,0.42862922405480475,0.05158401964133092,0.3645792039835283,0.4926792441260812
age-sex matched,Sex only,sex,XGBoost,0.43188311688311687,0.05286597695729439,0.36624133656537466,0.4975248972008591,0.43240740740740746,0.05312333006710785,0.3664460809983841,0.4983687338164308,0.42862922405480475,0.05158401964133092,0.3645792039835283,0.4926792441260812
age-sex matched,Age + Sex,age + sex,RandomForest,0.3305844155844156,0.06217061967210254,0.25338939539154715,0.40777943577728404,0.33002645502645506,0.06254634909722825,0.25236490513334225,0.40768800491956786,0.3262149500483294,0.0601551461356835,0.2515224707849649,0.4009074293116939
age-sex matched,Age + Sex,age + sex,LightGBM,0.3413636363636363,0.057103919732752695,0.2704597550751598,0.41226751765211284,0.34074074074074073,0.05728712131812387,0.26960938463929496,0.4118720968421865,0.3316949482898409,0.05782981793517798,0.2598897453370521,0.4035001512426297
age-sex matched,Age + Sex,age + sex,XGBoost,0.30915584415584413,0.051968543036531784,0.24462837522827968,0.3736833130834086,0.3091269841269841,0.051495220356346905,0.24518722293093853,0.37306674532302964,0.3047112961469459,0.05020396099034154,0.24237484521801264,0.36704774707587917
age-sex matched,MFDFA,no metadata,RandomForest,0.5434415584415584,0.11476948965840766,0.4009364150404944,0.6859467018426224,0.5444444444444444,0.11520795740655865,0.40139487142612784,0.687494017462761,0.5396959324797392,0.11525459690023218,0.3965884488812338,0.6828034160782447
age-sex matched,MFDFA,no metadata,LightGBM,0.5363636363636364,0.0806636878947392,0.43620643914239393,0.6365208335848789,0.5369047619047619,0.08115189863113202,0.43614137098860395,0.6376681528209198,0.5350096133591664,0.08028180294541429,0.4353265889309566,0.6346926377873763
age-sex matched,MFDFA,no metadata,XGBoost,0.5220779220779221,0.10135279940738992,0.3962317999365983,0.647924044219246,0.522883597883598,0.1020637869220961,0.3961546681420911,0.6496125276251048,0.5189959503388997,0.10049648705716932,0.394213080414062,0.6437788202637373
age-sex matched,OpenSMILE,no metadata,RandomForest,0.5826623376623377,0.039478169786538016,0.5336437155234178,0.6316809598012575,0.5834656084656085,0.03934045675574828,0.5346179796391037,0.6323132372921132,0.5800005487783995,0.04037229831868584,0.5298717194313449,0.630129378125454
age-sex matched,OpenSMILE,no metadata,LightGBM,0.5683116883116883,0.05520464007107518,0.4997660742016374,0.6368573024217392,0.5689153439153439,0.0551473888585343,0.5004408165747585,0.6373898712559294,0.5667325546211777,0.05531792364525347,0.4980462803754817,0.6354188288668736
age-sex matched,OpenSMILE,no metadata,XGBoost,0.5755844155844156,0.028903763759301884,0.5396956527119038,0.6114731784569275,0.5764550264550266,0.029479851024320228,0.5398509567657178,0.6130590961443353,0.5720918655077322,0.02587343822715388,0.5399657487513262,0.6042179822641381
age-sex matched,NeuroKit2,no metadata,RandomForest,0.5507792207792208,0.06232692345271383,0.4733901238091842,0.6281683177492574,0.5509259259259259,0.06244135850883244,0.4733947390665744,0.6284571127852774,0.5494075050648577,0.06246959300175211,0.4718412604521403,0.6269737496775751
age-sex matched,NeuroKit2,no metadata,LightGBM,0.5541558441558442,0.04914162415053526,0.49313845863486394,0.6151732296768244,0.5538359788359788,0.04954714648788246,0.4923150708282471,0.6153568868437105,0.5512732365683597,0.05049466644090987,0.48857582714737413,0.6139706459893453
age-sex matched,NeuroKit2,no metadata,XGBoost,0.5866233766233766,0.08404463952942688,0.4822681734776743,0.6909785797690788,0.5869047619047618,0.08403323700795215,0.4825637168594634,0.6912458069500602,0.585280130939207,0.0837058222576597,0.4813456250018277,0.6892146368765865
age-sex matched,MFDFA + OpenSMILE,no metadata,RandomForest,0.5828571428571429,0.03689131859604776,0.5370505207101653,0.6286637650041204,0.5837301587301587,0.037420655961212114,0.5372662774339525,0.6301940400263648,0.5798030256761542,0.03621441432584737,0.5348368911917148,0.6247691601605935
age-sex matched,MFDFA + OpenSMILE,no metadata,LightGBM,0.5611688311688312,0.04263680569886063,0.5082282445341468,0.6141094178035156,0.5619047619047619,0.04263334423683331,0.5089684732428581,0.6148410505666657,0.5586595919436415,0.043207754008762575,0.5050100793477166,0.6123091045395663
age-sex matched,MFDFA + OpenSMILE,no metadata,XGBoost,0.5897402597402597,0.04475258062683095,0.5341725915492125,0.6453079279313069,0.5906084656084657,0.04413165078162232,0.5358117836516243,0.6454051475653071,0.586673411736068,0.04552948111077717,0.5301410941839176,0.6432057292882184
age-sex matched,MFDFA + NeuroKit2,no metadata,RandomForest,0.5648051948051948,0.06204000907145408,0.4877723490929353,0.6418380405174542,0.5656084656084656,0.06248757610063474,0.48801989202928947,0.6431970391876417,0.5616664601755837,0.061374907708116364,0.48545944688133696,0.6378734734698306
age-sex matched,MFDFA + NeuroKit2,no metadata,LightGBM,0.5612337662337662,0.03609128061383761,0.5164205224464946,0.6060470100210378,0.5617724867724867,0.03642553099091486,0.5165442163256122,0.6070007572193612,0.5593728507020186,0.03595915575319716,0.514723661597472,0.6040220398065652
age-sex matched,MFDFA + NeuroKit2,no metadata,XGBoost,0.5505844155844155,0.049838667023165625,0.48870153702328556,0.6124672941455455,0.5513227513227512,0.05030934720587952,0.4888554461240775,0.6137900565214249,0.5484922481335195,0.049201871892170616,0.4874000551607775,0.6095844411062614
age-sex matched,OpenSMILE + NeuroKit2,no metadata,RandomForest,0.5935064935064934,0.04487043528003265,0.5377924894355448,0.649220497577442,0.5943121693121693,0.04474586391880803,0.5387528410156606,0.6498714976086781,0.5907623277100669,0.04595208112649981,0.5337052829327534,0.6478193724873803
age-sex matched,OpenSMILE + NeuroKit2,no metadata,LightGBM,0.5394155844155845,0.05332667426241797,0.4732017728400008,0.6056293959911682,0.5400793650793652,0.05336609023862982,0.4738166121051652,0.6063421180535651,0.5371973581524412,0.05311426784657965,0.4712472839763915,0.6031474323284909
age-sex matched,OpenSMILE + NeuroKit2,no metadata,XGBoost,0.5755194805194804,0.03725824416564244,0.5292572601027168,0.6217817009362441,0.5764550264550264,0.03775232847386534,0.529579319340665,0.6233307335693878,0.5697969604473753,0.03461201315489523,0.5268204698075868,0.6127734510871637
age-sex matched,MFDFA + OpenSMILE + NeuroKit2,no metadata,RandomForest,0.5789610389610389,0.0393429603306147,0.5301103015357558,0.627811776386322,0.5797619047619048,0.03863985065764279,0.5317841933043397,0.6277396162194699,0.5747143166098582,0.04183519926434158,0.5227690558256446,0.6266595773940717
age-sex matched,MFDFA + OpenSMILE + NeuroKit2,no metadata,LightGBM,0.5574675324675324,0.03599066613130132,0.5127792180609241,0.6021558468741408,0.5582010582010581,0.035698972809704,0.5138749288903937,0.6025271875117226,0.5550791313949209,0.035826451003143765,0.5105947170009062,0.5995635457889357
age-sex matched,MFDFA + OpenSMILE + NeuroKit2,no metadata,XGBoost,0.5792207792207792,0.03614337862623171,0.5343428472071399,0.6240987112344185,0.5804232804232805,0.03718613695920827,0.5342505929287572,0.6265959679178038,0.5739674115421101,0.031527370345987925,0.5348210108254599,0.6131138122587603
age-sex matched,MFDFA,age + sex,RandomForest,0.5397402597402596,0.06788649709954563,0.45544804032758957,0.6240324791529297,0.5411375661375661,0.06836270101253117,0.4562540614703382,0.6260210708047941,0.5331319504389219,0.06888154188103728,0.4476042197444732,0.6186596811333707
age-sex matched,MFDFA,age + sex,LightGBM,0.49318181818181817,0.06264635419596429,0.41539609555796797,0.5709675408056684,0.4943121693121693,0.06383320225862406,0.41505278017757663,0.573571558446762,0.4887060842603955,0.058549511578787454,0.4160072636206007,0.5614049049001903
age-sex matched,MFDFA,age + sex,XGBoost,0.5111038961038961,0.07052572859838413,0.4235346379561929,0.5986731542515993,0.5121693121693122,0.07138967439836931,0.42352732362536805,0.6008113007132563,0.5053960068267843,0.07080068783461638,0.41748534169447793,0.5933066719590907
age-sex matched,OpenSMILE,age + sex,RandomForest,0.5791558441558442,0.019440434950056883,0.5550173559689364,0.603294332342752,0.5797619047619047,0.019583868278647366,0.5554453205747435,0.6040784889490659,0.5762276705537748,0.01993834372868611,0.5514709469620535,0.6009843941454961
age-sex matched,OpenSMILE,age + sex,LightGBM,0.5540909090909091,0.05714451739028507,0.4831366191526632,0.625045199029155,0.5547619047619048,0.05746627623131735,0.4834080984546454,0.6261157110691642,0.5513109016231506,0.05551874547413018,0.48237527414248493,0.6202465291038162
age-sex matched,OpenSMILE,age + sex,XGBoost,0.5612987012987013,0.03688703221398738,0.5154974013980107,0.6071000011993919,0.5621693121693122,0.03751813387217681,0.515584396060441,0.6087542282781834,0.5559944758006454,0.03349312360643378,0.514407270031148,0.5975816815701429
age-sex matched,MFDFA + OpenSMILE,age + sex,RandomForest,0.5827272727272726,0.05428752016507852,0.5153204133865338,0.6501341320680115,0.5834656084656084,0.054396690689856246,0.515923196014588,0.6510080209166287,0.5806241640906231,0.05416181236738403,0.513373391596575,0.6478749365846712
age-sex matched,MFDFA + OpenSMILE,age + sex,LightGBM,0.5648051948051949,0.04577265772242044,0.5079709336091619,0.6216394560012278,0.5656084656084656,0.04572206234070025,0.50883702687639,0.6223799043405411,0.5621517767405607,0.046518881897052104,0.5043909558522983,0.6199125976288231
age-sex matched,MFDFA + OpenSMILE,age + sex,XGBoost,0.5825324675324675,0.04671343452824023,0.5245300776463029,0.640534857418632,0.5834656084656084,0.04604381265550709,0.5262946639512264,0.6406365529799903,0.5794006113270951,0.04750330611520254,0.5204174663281954,0.6383837563259948
age-sex matched,MFDFA + NeuroKit2,age + sex,RandomForest,0.5467532467532468,0.06485221987983829,0.46622858012485713,0.6272779133816364,0.5473544973544973,0.06498600650881782,0.4666637126854627,0.6280452820235318,0.5429624509301928,0.06666976429245973,0.46018100483951474,0.6257438970208709
age-sex matched,MFDFA + NeuroKit2,age + sex,LightGBM,0.564935064935065,0.036140461955905256,0.5200607544459646,0.6098093754241654,0.5656084656084657,0.03719142989907633,0.5194292060610636,0.6117877251558678,0.5622815813798947,0.03361060785302706,0.5205484996510463,0.6040146631087431
age-sex matched,MFDFA + NeuroKit2,age + sex,XGBoost,0.5466883116883117,0.03956139187947498,0.4975663556727368,0.5958102677038865,0.5473544973544974,0.039413217459101604,0.4984165241821549,0.5962924705268399,0.5447521315999322,0.03924437200117299,0.4960238077539599,0.5934804554459046
age-sex matched,OpenSMILE + NeuroKit2,age + sex,RandomForest,0.5935714285714286,0.042563684390275976,0.5407216340331155,0.6464212231097418,0.5944444444444443,0.04205694019054379,0.5422238559352371,0.6466650329536515,0.5888272144299145,0.04654479342989236,0.531034220124186,0.646620208735643
age-sex matched,OpenSMILE + NeuroKit2,age + sex,LightGBM,0.5467532467532468,0.06105320709686167,0.4709456775261951,0.6225608159802984,0.5472222222222223,0.061045009372463634,0.47142483181442285,0.6230196126300217,0.5453115243744187,0.061414777684943266,0.46905500596533667,0.6215680427835006
age-sex matched,OpenSMILE + NeuroKit2,age + sex,XGBoost,0.5503246753246753,0.05121952627481528,0.48672723354418546,0.6139221171051652,0.5515873015873016,0.05146208177851086,0.4876886873703068,0.6154859158042965,0.5438955085661368,0.048895256401020146,0.4831840290100479,0.6046069881222257
age-sex matched,MFDFA + OpenSMILE + NeuroKit2,age + sex,RandomForest,0.6043506493506493,0.037265316698491834,0.5580796472244705,0.6506216514768282,0.6051587301587302,0.037210830903971086,0.5589553810820214,0.6513620792354391,0.5998908102156155,0.03954361052448655,0.5507909326683691,0.648990687762862
age-sex matched,MFDFA + OpenSMILE + NeuroKit2,age + sex,LightGBM,0.5466233766233766,0.0407933582491982,0.49597173231951863,0.5972750209272345,0.5474867724867725,0.04015209406937909,0.4976313628283336,0.5973421821452114,0.5434193341628002,0.042456244341473326,0.4907029440650505,0.59613572426055
age-sex matched,MFDFA + OpenSMILE + NeuroKit2,age + sex,XGBoost,0.5825974025974026,0.052886511034649634,0.516930125855072,0.6482646793397331,0.5838624338624337,0.05252713621731752,0.5186413798926456,0.6490834878322219,0.5775084221602287,0.054569749662575905,0.5097511286132161,0.6452657157072412
