setting,features,model,n_samples,n_folds,accuracy_mean,accuracy_sd,accuracy_ci_lo,accuracy_ci_hi,balanced_accuracy_mean,balanced_accuracy_sd,balanced_accuracy_ci_lo,balanced_accuracy_ci_hi,f1_macro_mean,f1_macro_sd,f1_macro_ci_lo,f1_macro_ci_hi
Main set (v7 protocol),features + age + sex,LogReg,956,5.0,0.8546629581151833,0.03475696632275312,0.8115064843454401,0.8978194318849265,0.8546491228070175,0.03478307129768246,0.8114602354297306,0.8978380101843045,0.8544824101479696,0.03503134747726165,0.8109852471768875,0.8979795731190516
Main set (v7 protocol),features + age + sex,RandomForest,956,5.0,0.8494382635253054,0.03753839653821224,0.8028281879935104,0.8960483390571004,0.849375,0.03749770755791761,0.8028154465101605,0.8959345534898395,0.8491855247356328,0.03777194893117606,0.8022854556058003,0.8960855938654653
Main set (v7 protocol),features + age + sex,LightGBM,956,5.0,0.8787085514834206,0.028181073755593592,0.8437171267703751,0.9136999761964661,0.8787171052631579,0.02822134970374842,0.8436756713552951,0.9137585391710208,0.8786351737007007,0.028246698992291847,0.8435622644938733,0.913708082907528
Main set (v7 protocol),features + age + sex,XGBoost,956,5.0,0.881828097731239,0.024507150133590706,0.8513984517117849,0.9122577437506932,0.8818311403508773,0.024573687013009632,0.8513188778836959,0.9123434028180587,0.881759686695197,0.02455232464101512,0.8512739491162373,0.9122454242741567
Main set (v7 protocol),features only,LogReg,956,5.0,0.743804537521815,0.04995055865968117,0.6817827271439236,0.8058263478997063,0.7436732456140351,0.049916741020104405,0.6816934253817105,0.8056530658463598,0.7433677146160033,0.04993463413899685,0.6813656771421343,0.8053697520898723
Main set (v7 protocol),features only,RandomForest,956,5.0,0.7615783158813264,0.04164197648281082,0.7098729728685724,0.8132836588940804,0.761513157894737,0.0416188841902003,0.7098364877503535,0.8131898280391204,0.7604282074297742,0.04176214549371719,0.708573654882478,0.8122827599770704
Main set (v7 protocol),features only,LightGBM,956,5.0,0.7605148342059337,0.035210937856047175,0.7167946803270899,0.8042349880847774,0.7604934210526315,0.03540042349940698,0.7165379896722514,0.8044488524330117,0.7588186005020813,0.035569807258769515,0.7146528514058202,0.8029843495983423
Main set (v7 protocol),features only,XGBoost,956,5.0,0.7573625654450262,0.02879441705928704,0.7216095744332452,0.7931155564568072,0.7573355263157895,0.028976463772093664,0.7213564944547252,0.7933145581768538,0.7539101978844497,0.029312586240147934,0.717513814855815,0.7903065809130844
Main set (v7 protocol),age + sex only,LogReg,956,5.0,0.8379853839441536,0.07072497764470521,0.7501687254289571,0.92580204245935,0.8380263157894736,0.07074500095243974,0.7501847950539382,0.925867836525009,0.8364741082367342,0.07370764192630683,0.7449539828643447,0.9279942336091237
Main set (v7 protocol),age + sex only,RandomForest,956,5.0,0.8399814572425829,0.02559861665675984,0.808196576536065,0.8717663379491007,0.8399561403508772,0.025584203340060306,0.8081891561407998,0.8717231245609546,0.8398481004329325,0.025571106008625395,0.8080973787077703,0.8715988221580946
Main set (v7 protocol),age + sex only,LightGBM,956,5.0,0.8190281413612566,0.02278744805364555,0.7907337875021064,0.8473224952204067,0.8190131578947369,0.022709164554830987,0.7908160058377183,0.8472103099517556,0.8186592588974729,0.02291095514854437,0.7902115507250642,0.8471069670698816
Main set (v7 protocol),age + sex only,XGBoost,956,5.0,0.8462423647469459,0.017502929531950644,0.8245096072840253,0.8679751222098665,0.8461513157894738,0.017615388380576615,0.8242789222229349,0.8680237093560127,0.8458788078403938,0.01745180495675645,0.8242095299219153,0.8675480857588723
"Age x sex matched, 6 disease groups",features only,LogReg,316,5.0,0.6803075396825398,0.07595159634220965,0.5860011768983133,0.7746139024667662,0.6798387096774194,0.07654273765949653,0.5847983480016672,0.7748790713531717,0.6772420682820386,0.07635593876792132,0.5824336480648596,0.7720504884992175
"Age x sex matched, 6 disease groups",features only,RandomForest,316,5.0,0.6550099206349207,0.04982403706515198,0.5931452075659516,0.7168746337038898,0.6560483870967742,0.04688394165497031,0.5978342846499117,0.7142624895436366,0.6321596026001274,0.05869199946226696,0.5592838598852358,0.705035345315019
"Age x sex matched, 6 disease groups",features only,LightGBM,316,5.0,0.6836309523809524,0.04539761019551411,0.6272623741966944,0.7399995305652104,0.6831653225806452,0.04543928381469734,0.6267449997637725,0.7395856453975179,0.6794065240342111,0.04391699083172804,0.6248763776090096,0.7339366704594126
"Age x sex matched, 6 disease groups",features only,XGBoost,316,5.0,0.6708333333333333,0.031122978178881003,0.6321890518117353,0.7094776148549312,0.6709677419354838,0.031126593612693324,0.6323189712598832,0.7096165126110844,0.6639088192895128,0.02781429071331271,0.6293728158752192,0.6984448227038065
"Age x sex matched, 6 disease groups",age + sex only,LogReg,316,5.0,0.4492063492063492,0.02948281844604241,0.4125985949763205,0.48581410343637793,0.4473790322580645,0.03036893695671374,0.4096710165751933,0.48508704794093577,0.38625749747653115,0.06129503956570876,0.3101496535793153,0.462365341373747
"Age x sex matched, 6 disease groups",age + sex only,RandomForest,316,5.0,0.34161706349206356,0.037784630157930356,0.29470124853951724,0.3885328784446099,0.340625,0.038109305400433856,0.29330604748772904,0.387943952512271,0.3376242028591315,0.038947292199530595,0.289264752307452,0.3859836534108109
"Age x sex matched, 6 disease groups",age + sex only,LightGBM,316,5.0,0.38918650793650794,0.035665337930265294,0.3449021418447264,0.4334708740282895,0.38901209677419357,0.033956590006620685,0.34684942146120695,0.4311747720871802,0.3764644422096028,0.03249978012897046,0.3361106352739221,0.4168182491452835
"Age x sex matched, 6 disease groups",age + sex only,XGBoost,316,5.0,0.35749007936507937,0.043067583216885544,0.3040146117950279,0.4109655469351308,0.357258064516129,0.04270673383044061,0.30423065063800014,0.4102854783942579,0.3497620828918139,0.040304940434902854,0.29971688940404784,0.3998072763795799
"Age x sex matched, all pathologies",features only,LogReg,460,5.0,0.6304347826086956,0.05903685049565331,0.5571308507809047,0.7037387144364864,0.6304347826086957,0.05903685049565339,0.5571308507809049,0.7037387144364865,0.6255972179794422,0.0614418569880693,0.5493070761745722,0.7018873597843123
"Age x sex matched, all pathologies",features only,RandomForest,460,5.0,0.6304347826086957,0.04067018898667328,0.5799360731438002,0.6809334920735911,0.6304347826086957,0.04067018898667327,0.5799360731438002,0.6809334920735911,0.5904397840186698,0.05396156985957489,0.5234376454374783,0.6574419225998613
"Age x sex matched, all pathologies",features only,LightGBM,460,5.0,0.6217391304347827,0.05178751847639824,0.5574364331863267,0.6860418276832386,0.6217391304347826,0.05178751847639826,0.5574364331863266,0.6860418276832385,0.6160522688408732,0.05275108228866832,0.5505531490967495,0.6815513885849969
"Age x sex matched, all pathologies",features only,XGBoost,460,5.0,0.6173913043478261,0.04441916682978813,0.5622376240650713,0.6725449846305809,0.6173913043478261,0.0444191668297882,0.5622376240650713,0.6725449846305809,0.6037638842888662,0.05302028447702919,0.5379305058792172,0.6695972626985152
"Age x sex matched, all pathologies",age + sex only,LogReg,460,5.0,0.4695652173913043,0.019444069369563402,0.44542221647654084,0.49370821830606776,0.4695652173913043,0.019444069369563395,0.4454222164765409,0.4937082183060677,0.4402041972327234,0.05491160145087571,0.37202243862745743,0.5083859558379894
"Age x sex matched, all pathologies",age + sex only,RandomForest,460,5.0,0.3978260869565217,0.03224434124824202,0.357789449282783,0.43786272463026044,0.3978260869565218,0.03224434124824202,0.35778944928278306,0.4378627246302605,0.39640379018417315,0.03317534291944392,0.3552111612530355,0.43759641911531083
"Age x sex matched, all pathologies",age + sex only,LightGBM,460,5.0,0.3956521739130435,0.03572103635903257,0.35129864908750513,0.4400056987385819,0.3956521739130435,0.03572103635903257,0.35129864908750513,0.4400056987385819,0.3856962287318423,0.04695145228224192,0.3273983007696005,0.44399415669408404
"Age x sex matched, all pathologies",age + sex only,XGBoost,460,5.0,0.4173913043478262,0.03224434124824199,0.37735466667408746,0.4574279420215649,0.4173913043478262,0.032244341248242,0.37735466667408746,0.4574279420215649,0.40964820822017456,0.03059991819287321,0.3716533914521035,0.4476430249882456
