setting,features,model,n_samples,fold,threshold,n_test,accuracy,balanced_accuracy,f1_macro
Main set (v7 protocol),features + age + sex,LogReg,956,1,0.5,192,0.796875,0.796875,0.7962060800696731
Main set (v7 protocol),features + age + sex,LogReg,956,2,0.44,191,0.8481675392670157,0.8480263157894736,0.8480175607079161
Main set (v7 protocol),features + age + sex,LogReg,956,3,0.53,191,0.8795811518324608,0.8796600877192983,0.8795679469254598
Main set (v7 protocol),features + age + sex,LogReg,956,4,0.56,191,0.8691099476439791,0.8690241228070175,0.8690525161113396
Main set (v7 protocol),features + age + sex,LogReg,956,5,0.47,191,0.8795811518324608,0.8796600877192983,0.8795679469254598
Main set (v7 protocol),features + age + sex,RandomForest,956,1,0.5,192,0.7864583333333334,0.7864583333333333,0.7857551098168358
Main set (v7 protocol),features + age + sex,RandomForest,956,2,0.53,191,0.8481675392670157,0.8479714912280701,0.8479007057143642
Main set (v7 protocol),features + age + sex,RandomForest,956,3,0.5,191,0.8638743455497382,0.8638706140350878,0.8638706140350878
Main set (v7 protocol),features + age + sex,RandomForest,956,4,0.5,191,0.8638743455497382,0.8639802631578948,0.8638407545514367
Main set (v7 protocol),features + age + sex,RandomForest,956,5,0.53,191,0.8848167539267016,0.8845942982456141,0.8845604395604396
Main set (v7 protocol),features + age + sex,LightGBM,956,1,0.35,192,0.8333333333333334,0.8333333333333334,0.8331704138155751
Main set (v7 protocol),features + age + sex,LightGBM,956,2,0.35,191,0.8691099476439791,0.8689692982456141,0.8689806557826862
Main set (v7 protocol),features + age + sex,LightGBM,956,3,0.35,191,0.8952879581151832,0.8952850877192983,0.8952850877192983
Main set (v7 protocol),features + age + sex,LightGBM,956,4,0.35,191,0.8952879581151832,0.8954495614035087,0.8952161509765196
Main set (v7 protocol),features + age + sex,LightGBM,956,5,0.35,191,0.900523560209424,0.9005482456140351,0.900523560209424
Main set (v7 protocol),features + age + sex,XGBoost,956,1,0.53,192,0.8541666666666666,0.8541666666666666,0.8541666666666666
Main set (v7 protocol),features + age + sex,XGBoost,956,2,0.41,191,0.8586387434554974,0.8584429824561404,0.8583903122168217
Main set (v7 protocol),features + age + sex,XGBoost,956,3,0.44,191,0.8900523560209425,0.8901315789473685,0.8900402993667242
Main set (v7 protocol),features + age + sex,XGBoost,956,4,0.44,191,0.8952879581151832,0.8954495614035087,0.8952161509765196
Main set (v7 protocol),features + age + sex,XGBoost,956,5,0.44,191,0.9109947643979057,0.9109649122807018,0.9109850042492529
Main set (v7 protocol),features only,LogReg,956,1,0.5900000000000001,192,0.6666666666666666,0.6666666666666667,0.6666304937601736
Main set (v7 protocol),features only,LogReg,956,2,0.56,191,0.7486910994764397,0.7486842105263158,0.7486842105263158
Main set (v7 protocol),features only,LogReg,956,3,0.5,191,0.743455497382199,0.7430372807017543,0.7416425120772947
Main set (v7 protocol),features only,LogReg,956,4,0.47,191,0.806282722513089,0.8061951754385965,0.8061977238447826
Main set (v7 protocol),features only,LogReg,956,5,0.56,191,0.7539267015706806,0.7537828947368421,0.7536836328714501
Main set (v7 protocol),features only,RandomForest,956,1,0.47,192,0.6927083333333334,0.6927083333333333,0.6916963775413004
Main set (v7 protocol),features only,RandomForest,956,2,0.47,191,0.7696335078534031,0.769078947368421,0.7668146503884573
Main set (v7 protocol),features only,RandomForest,956,3,0.5,191,0.7853403141361257,0.7850328947368421,0.7844896386603186
Main set (v7 protocol),features only,RandomForest,956,4,0.5,191,0.8010471204188482,0.8012609649122806,0.8007795344751867
Main set (v7 protocol),features only,RandomForest,956,5,0.47,191,0.7591623036649214,0.759484649122807,0.7583608360836084
Main set (v7 protocol),features only,LightGBM,956,1,0.35,192,0.7083333333333334,0.7083333333333333,0.7062937062937062
Main set (v7 protocol),features only,LightGBM,956,2,0.35,191,0.743455497382199,0.7430372807017543,0.7416425120772947
Main set (v7 protocol),features only,LightGBM,956,3,0.35,191,0.7696335078534031,0.7691337719298246,0.7673311184939091
Main set (v7 protocol),features only,LightGBM,956,4,0.35,191,0.7958115183246073,0.7961622807017543,0.7950023392134739
Main set (v7 protocol),features only,LightGBM,956,5,0.35,191,0.7853403141361257,0.7858004385964912,0.783823326432022
Main set (v7 protocol),features only,XGBoost,956,1,0.35,192,0.71875,0.71875,0.7150082462891698
Main set (v7 protocol),features only,XGBoost,956,2,0.35,191,0.743455497382199,0.7428728070175439,0.7400061116204129
Main set (v7 protocol),features only,XGBoost,956,3,0.35,191,0.7696335078534031,0.7689144736842105,0.7649362273439249
Main set (v7 protocol),features only,XGBoost,956,4,0.35,191,0.7958115183246073,0.7963267543859649,0.7939818015875211
Main set (v7 protocol),features only,XGBoost,956,5,0.35,191,0.7591623036649214,0.759813596491228,0.7556186025812194
Main set (v7 protocol),age + sex only,LogReg,956,1,0.38,192,0.7239583333333334,0.7239583333333333,0.7165696459905857
Main set (v7 protocol),age + sex only,LogReg,956,2,0.44,191,0.8324607329842932,0.8324013157894736,0.8324193902171528
Main set (v7 protocol),age + sex only,LogReg,956,3,0.44,191,0.8586387434554974,0.8587719298245614,0.8585767174002468
Main set (v7 protocol),age + sex only,LogReg,956,4,0.44,191,0.8586387434554974,0.8587719298245614,0.8585767174002468
Main set (v7 protocol),age + sex only,LogReg,956,5,0.44,191,0.9162303664921466,0.9162280701754386,0.9162280701754386
Main set (v7 protocol),age + sex only,RandomForest,956,1,0.47,192,0.8177083333333334,0.8177083333333333,0.8174657069129432
Main set (v7 protocol),age + sex only,RandomForest,956,2,0.53,191,0.8167539267015707,0.8167763157894736,0.8167539267015707
Main set (v7 protocol),age + sex only,RandomForest,956,3,0.41,191,0.8743455497382199,0.8744517543859649,0.8743145426628647
Main set (v7 protocol),age + sex only,RandomForest,956,4,0.5,191,0.8324607329842932,0.8324561403508772,0.8324561403508772
Main set (v7 protocol),age + sex only,RandomForest,956,5,0.47,191,0.8586387434554974,0.8583881578947368,0.8582501855364064
Main set (v7 protocol),age + sex only,LightGBM,956,1,0.53,192,0.828125,0.828125,0.8278962379464891
Main set (v7 protocol),age + sex only,LightGBM,956,2,0.38,191,0.7958115183246073,0.7955592105263158,0.7952502679970315
Main set (v7 protocol),age + sex only,LightGBM,956,3,0.44,191,0.8272251308900523,0.8273574561403509,0.8271493212669683
Main set (v7 protocol),age + sex only,LightGBM,956,4,0.44,191,0.7958115183246073,0.7961074561403509,0.7952502679970315
Main set (v7 protocol),age + sex only,LightGBM,956,5,0.5,191,0.8481675392670157,0.8479166666666667,0.8477501992798439
Main set (v7 protocol),age + sex only,XGBoost,956,1,0.5,192,0.8385416666666666,0.8385416666666667,0.8385372867102514
Main set (v7 protocol),age + sex only,XGBoost,956,2,0.35,191,0.8219895287958116,0.8217653508771929,0.8215934065934065
Main set (v7 protocol),age + sex only,XGBoost,956,3,0.5,191,0.8691099476439791,0.8693530701754386,0.8688799187192795
Main set (v7 protocol),age + sex only,XGBoost,956,4,0.53,191,0.8481675392670157,0.8481359649122806,0.8481508896016667
Main set (v7 protocol),age + sex only,XGBoost,956,5,0.6200000000000001,191,0.8534031413612565,0.8529605263157894,0.8522325375773652
"Age x sex matched, 6 disease groups",features only,LogReg,316,1,0.35,63,0.6825396825396826,0.6814516129032258,0.6805273833671399
"Age x sex matched, 6 disease groups",features only,LogReg,316,2,0.41,64,0.703125,0.703125,0.6940880503144654
"Age x sex matched, 6 disease groups",features only,LogReg,316,3,0.53,63,0.5555555555555556,0.5544354838709677,0.552738336713996
"Age x sex matched, 6 disease groups",features only,LogReg,316,4,0.47,63,0.7619047619047619,0.7626008064516129,0.7616645649432534
"Age x sex matched, 6 disease groups",features only,LogReg,316,5,0.47,63,0.6984126984126984,0.6975806451612903,0.6971920060713381
"Age x sex matched, 6 disease groups",features only,RandomForest,316,1,0.38,63,0.7301587301587301,0.7263104838709677,0.711553999461352
"Age x sex matched, 6 disease groups",features only,RandomForest,316,2,0.41,64,0.671875,0.671875,0.6469661150512214
"Age x sex matched, 6 disease groups",features only,RandomForest,316,3,0.38,63,0.6507936507936508,0.654233870967742,0.6352631578947369
"Age x sex matched, 6 disease groups",features only,RandomForest,316,4,0.38,63,0.6031746031746031,0.6088709677419355,0.5480631276901005
"Age x sex matched, 6 disease groups",features only,RandomForest,316,5,0.47,63,0.6190476190476191,0.6189516129032258,0.6189516129032258
"Age x sex matched, 6 disease groups",features only,LightGBM,316,1,0.35,63,0.7142857142857143,0.7111895161290323,0.7015789473684211
"Age x sex matched, 6 disease groups",features only,LightGBM,316,2,0.35,64,0.65625,0.65625,0.6507936507936507
"Age x sex matched, 6 disease groups",features only,LightGBM,316,3,0.35,63,0.6349206349206349,0.6350806451612903,0.6349206349206349
"Age x sex matched, 6 disease groups",features only,LightGBM,316,4,0.35,63,0.746031746031746,0.7474798387096775,0.7444219066937119
"Age x sex matched, 6 disease groups",features only,LightGBM,316,5,0.35,63,0.6666666666666666,0.6658266129032258,0.6653174803946369
"Age x sex matched, 6 disease groups",features only,XGBoost,316,1,0.35,63,0.6825396825396826,0.6799395161290323,0.6725571725571726
"Age x sex matched, 6 disease groups",features only,XGBoost,316,2,0.35,64,0.6875,0.6875,0.6796796796796797
"Age x sex matched, 6 disease groups",features only,XGBoost,316,3,0.35,63,0.6190476190476191,0.6204637096774194,0.6166328600405679
"Age x sex matched, 6 disease groups",features only,XGBoost,316,4,0.35,63,0.6984126984126984,0.7016129032258065,0.6870588235294117
"Age x sex matched, 6 disease groups",features only,XGBoost,316,5,0.35,63,0.6666666666666666,0.6653225806451613,0.6636155606407322
"Age x sex matched, 6 disease groups",age + sex only,LogReg,316,1,0.5,63,0.4444444444444444,0.44506048387096775,0.4438839848675914
"Age x sex matched, 6 disease groups",age + sex only,LogReg,316,2,0.35,64,0.5,0.5,0.3333333333333333
"Age x sex matched, 6 disease groups",age + sex only,LogReg,316,3,0.5,63,0.42857142857142855,0.4274193548387097,0.4249492900608519
"Age x sex matched, 6 disease groups",age + sex only,LogReg,316,4,0.5,63,0.42857142857142855,0.42691532258064513,0.42142857142857143
"Age x sex matched, 6 disease groups",age + sex only,LogReg,316,5,0.47,63,0.4444444444444444,0.4375,0.3076923076923077
"Age x sex matched, 6 disease groups",age + sex only,RandomForest,316,1,0.47,63,0.3492063492063492,0.3477822580645161,0.34324942791762014
"Age x sex matched, 6 disease groups",age + sex only,RandomForest,316,2,0.47,64,0.390625,0.390625,0.3904761904761905
"Age x sex matched, 6 disease groups",age + sex only,RandomForest,316,3,0.5,63,0.3333333333333333,0.3316532258064516,0.325
"Age x sex matched, 6 disease groups",age + sex only,RandomForest,316,4,0.53,63,0.2857142857142857,0.2847782258064516,0.2828231722742221
"Age x sex matched, 6 disease groups",age + sex only,RandomForest,316,5,0.5,63,0.3492063492063492,0.3482862903225806,0.34657222362762463
"Age x sex matched, 6 disease groups",age + sex only,LightGBM,316,1,0.5,63,0.36507936507936506,0.3654233870967742,0.3649193548387097
"Age x sex matched, 6 disease groups",age + sex only,LightGBM,316,2,0.5,64,0.40625,0.40625,0.403921568627451
"Age x sex matched, 6 disease groups",age + sex only,LightGBM,316,3,0.5,63,0.36507936507936506,0.3639112903225806,0.36105476673427994
"Age x sex matched, 6 disease groups",age + sex only,LightGBM,316,4,0.44,63,0.36507936507936506,0.3684475806451613,0.3368421052631579
"Age x sex matched, 6 disease groups",age + sex only,LightGBM,316,5,0.47,63,0.4444444444444444,0.4410282258064516,0.41558441558441556
"Age x sex matched, 6 disease groups",age + sex only,XGBoost,316,1,0.5,63,0.38095238095238093,0.38205645161290325,0.3784467493043258
"Age x sex matched, 6 disease groups",age + sex only,XGBoost,316,2,0.5,64,0.390625,0.390625,0.38928309273305606
"Age x sex matched, 6 disease groups",age + sex only,XGBoost,316,3,0.47,63,0.3492063492063492,0.35030241935483875,0.34657222362762463
"Age x sex matched, 6 disease groups",age + sex only,XGBoost,316,4,0.5,63,0.2857142857142857,0.2857862903225806,0.2857142857142857
"Age x sex matched, 6 disease groups",age + sex only,XGBoost,316,5,0.47,63,0.38095238095238093,0.37752016129032256,0.34879406307977734
"Age x sex matched, all pathologies",features only,LogReg,460,1,0.44,92,0.5760869565217391,0.5760869565217391,0.5674502712477396
"Age x sex matched, all pathologies",features only,LogReg,460,2,0.47,92,0.717391304347826,0.7173913043478262,0.7152380952380952
"Age x sex matched, all pathologies",features only,LogReg,460,3,0.44,92,0.6630434782608695,0.6630434782608696,0.6620452660267804
"Age x sex matched, all pathologies",features only,LogReg,460,4,0.41,92,0.5869565217391305,0.5869565217391304,0.5867612293144208
"Age x sex matched, all pathologies",features only,LogReg,460,5,0.47,92,0.6086956521739131,0.6086956521739131,0.5964912280701754
"Age x sex matched, all pathologies",features only,RandomForest,460,1,0.38,92,0.5978260869565217,0.5978260869565217,0.5657609388952672
"Age x sex matched, all pathologies",features only,RandomForest,460,2,0.38,92,0.6847826086956522,0.6847826086956521,0.6674560638165274
"Age x sex matched, all pathologies",features only,RandomForest,460,3,0.38,92,0.6086956521739131,0.6086956521739131,0.5467980295566502
"Age x sex matched, all pathologies",features only,RandomForest,460,4,0.38,92,0.6630434782608695,0.6630434782608696,0.6258690804145349
"Age x sex matched, all pathologies",features only,RandomForest,460,5,0.38,92,0.5978260869565217,0.5978260869565217,0.5463148074103692
"Age x sex matched, all pathologies",features only,LightGBM,460,1,0.35,92,0.5869565217391305,0.5869565217391304,0.5820181731229077
"Age x sex matched, all pathologies",features only,LightGBM,460,2,0.35,92,0.7065217391304348,0.7065217391304348,0.706487061325771
"Age x sex matched, all pathologies",features only,LightGBM,460,3,0.35,92,0.6086956521739131,0.6086956521739131,0.6040172166427547
"Age x sex matched, all pathologies",features only,LightGBM,460,4,0.35,92,0.5760869565217391,0.5760869565217391,0.5756357185097576
"Age x sex matched, all pathologies",features only,LightGBM,460,5,0.35,92,0.6304347826086957,0.6304347826086957,0.6121031746031746
"Age x sex matched, all pathologies",features only,XGBoost,460,1,0.35,92,0.6086956521739131,0.6086956521739131,0.601923076923077
"Age x sex matched, all pathologies",features only,XGBoost,460,2,0.35,92,0.6630434782608695,0.6630434782608696,0.663003663003663
"Age x sex matched, all pathologies",features only,XGBoost,460,3,0.35,92,0.6630434782608695,0.6630434782608696,0.651131498470948
"Age x sex matched, all pathologies",features only,XGBoost,460,4,0.35,92,0.5652173913043478,0.5652173913043478,0.5516569200779727
"Age x sex matched, all pathologies",features only,XGBoost,460,5,0.35,92,0.5869565217391305,0.5869565217391304,0.5511042629686698
"Age x sex matched, all pathologies",age + sex only,LogReg,460,1,0.5,92,0.4891304347826087,0.4891304347826087,0.48907006971523104
"Age x sex matched, all pathologies",age + sex only,LogReg,460,2,0.5,92,0.4673913043478261,0.46739130434782605,0.46428995840760545
"Age x sex matched, all pathologies",age + sex only,LogReg,460,3,0.5,92,0.44565217391304346,0.44565217391304346,0.4450620934358368
"Age x sex matched, all pathologies",age + sex only,LogReg,460,4,0.47,92,0.4891304347826087,0.4891304347826087,0.3463340891912321
"Age x sex matched, all pathologies",age + sex only,LogReg,460,5,0.5,92,0.45652173913043476,0.4565217391304348,0.4562647754137116
"Age x sex matched, all pathologies",age + sex only,RandomForest,460,1,0.5,92,0.41304347826086957,0.41304347826086957,0.41276595744680855
"Age x sex matched, all pathologies",age + sex only,RandomForest,460,2,0.53,92,0.3695652173913043,0.3695652173913043,0.36476190476190473
"Age x sex matched, all pathologies",age + sex only,RandomForest,460,3,0.47,92,0.41304347826086957,0.41304347826086957,0.41276595744680855
"Age x sex matched, all pathologies",age + sex only,RandomForest,460,4,0.5,92,0.43478260869565216,0.4347826086956522,0.4337121212121212
"Age x sex matched, all pathologies",age + sex only,RandomForest,460,5,0.47,92,0.358695652173913,0.3586956521739131,0.35801301005322295
"Age x sex matched, all pathologies",age + sex only,LightGBM,460,1,0.47,92,0.42391304347826086,0.42391304347826086,0.4205585264408794
"Age x sex matched, all pathologies",age + sex only,LightGBM,460,2,0.5,92,0.33695652173913043,0.33695652173913043,0.30741700604714306
"Age x sex matched, all pathologies",age + sex only,LightGBM,460,3,0.5,92,0.42391304347826086,0.42391304347826086,0.423844972232069
"Age x sex matched, all pathologies",age + sex only,LightGBM,460,4,0.5,92,0.40217391304347827,0.40217391304347827,0.38999397227245325
"Age x sex matched, all pathologies",age + sex only,LightGBM,460,5,0.47,92,0.391304347826087,0.391304347826087,0.38666666666666666
"Age x sex matched, all pathologies",age + sex only,XGBoost,460,1,0.47,92,0.45652173913043476,0.45652173913043476,0.4500239120038259
"Age x sex matched, all pathologies",age + sex only,XGBoost,460,2,0.5,92,0.40217391304347827,0.40217391304347827,0.3935035358983579
"Age x sex matched, all pathologies",age + sex only,XGBoost,460,3,0.5,92,0.3804347826086957,0.3804347826086957,0.380361573909961
"Age x sex matched, all pathologies",age + sex only,XGBoost,460,4,0.47,92,0.40217391304347827,0.40217391304347827,0.38999397227245325
"Age x sex matched, all pathologies",age + sex only,XGBoost,460,5,0.47,92,0.44565217391304346,0.4456521739130435,0.43435804701627484
