sample_key,speaker_id,pathology_de,target_label,age,sex
Rekurrensparese::1330::vowels::a_n,1716,Rekurrensparese,Neurological,59.7,w
Rekurrensparese::448::vowels::a_n,1357,Rekurrensparese,Neurological,34.8,w
Phonationsknötchen::1800::vowels::a_n,2065,Phonationsknötchen,Structural,23.6,w
Rekurrensparese::2182::vowels::a_n,2359,Rekurrensparese,Neurological,70.3,m
Laryngitis::2510::vowels::a_n,2644,Laryngitis,Structural,39.9,w
Rekurrensparese::1863::vowels::a_n,2007,Rekurrensparese,Neurological,58.7,w
Stimmlippenpolyp::1334::vowels::a_n,1717,Stimmlippenpolyp,Structural,56.3,m
Spasmodische Dysphonie::2023::vowels::a_n,2148,Spasmodische Dysphonie,Neurological,59.8,w
Rekurrensparese::1939::vowels::a_n,2150,Rekurrensparese,Neurological,75.2,w
Stimmlippenpolyp::109::vowels::a_n,1306,Stimmlippenpolyp,Structural,50.2,m
Rekurrensparese::2002::vowels::a_n,2211,Rekurrensparese,Neurological,60.6,w
Rekurrensparese::632::vowels::a_n,1389,Rekurrensparese,Neurological,56.6,w
Laryngitis::2588::vowels::a_n,2722,Laryngitis,Structural,45.4,w
Laryngitis::2578::vowels::a_n,2712,Laryngitis,Structural,44.3,w
Rekurrensparese::2491::vowels::a_n,2001,Rekurrensparese,Neurological,64.9,w
Laryngitis::1257::vowels::a_n,1643,Laryngitis,Structural,32.2,w
Spasmodische Dysphonie::2141::vowels::a_n,2148,Spasmodische Dysphonie,Neurological,60.3,w
Rekurrensparese::1829::vowels::a_n,2095,Rekurrensparese,Neurological,41.4,w
Rekurrensparese::1293::vowels::a_n,1678,Rekurrensparese,Neurological,64.1,w
Laryngitis::2404::vowels::a_n,2538,Laryngitis,Structural,52.6,m
Laryngitis::107::vowels::a_n,1304,Laryngitis,Structural,60.1,m
Stimmlippenpolyp::2466::vowels::a_n,2600,Stimmlippenpolyp,Structural,45.2,w
Rekurrensparese::1402::vowels::a_n,1614,Rekurrensparese,Neurological,42.8,w
Rekurrensparese::1263::vowels::a_n,1635,Rekurrensparese,Neurological,33.9,w
Rekurrensparese::1549::vowels::a_n,1856,Rekurrensparese,Neurological,42.1,m
Rekurrensparese::864::vowels::a_n,1456,Rekurrensparese,Neurological,27.5,w
Laryngitis::1930::vowels::a_n,1311,Laryngitis,Structural,60.8,m
Laryngitis::1269::vowels::a_n,1311,Laryngitis,Structural,59.0,m
Rekurrensparese::1655::vowels::a_n,1818,Rekurrensparese,Neurological,60.8,w
Rekurrensparese::1626::vowels::a_n,1863,Rekurrensparese,Neurological,52.0,w
Laryngitis::1315::vowels::a_n,1693,Laryngitis,Structural,57.3,m
Phonationsknötchen::1927::vowels::a_n,2138,Phonationsknötchen,Structural,19.9,w
Rekurrensparese::2073::vowels::a_n,2265,Rekurrensparese,Neurological,64.1,w
Laryngitis::2126::vowels::a_n,2315,Laryngitis,Structural,65.3,m
Rekurrensparese::855::vowels::a_n,1453,Rekurrensparese,Neurological,72.8,w
Rekurrensparese::1484::vowels::a_n,1832,Rekurrensparese,Neurological,72.7,w
Rekurrensparese::859::vowels::a_n,1459,Rekurrensparese,Neurological,53.8,w
Laryngitis::1404::vowels::a_n,1755,Laryngitis,Structural,59.1,w
Rekurrensparese::880::vowels::a_n,1473,Rekurrensparese,Neurological,56.2,w
Laryngitis::2574::vowels::a_n,2708,Laryngitis,Structural,69.7,m
Rekurrensparese::1382::vowels::a_n,1733,Rekurrensparese,Neurological,48.9,w
Laryngitis::1228::vowels::a_n,1616,Laryngitis,Structural,47.8,w
Stimmlippenpolyp::1957::vowels::a_n,2167,Stimmlippenpolyp,Structural,42.4,w
Laryngitis::1307::vowels::a_n,1692,Laryngitis,Structural,48.8,m
Laryngitis::1440::vowels::a_n,1756,Laryngitis,Structural,36.2,w
Laryngitis::1796::vowels::a_n,2061,Laryngitis,Structural,69.0,m
Rekurrensparese::629::vowels::a_n,1385,Rekurrensparese,Neurological,50.3,m
Laryngitis::2097::vowels::a_n,2283,Laryngitis,Structural,30.7,w
Phonationsknötchen::1669::vowels::a_n,1968,Phonationsknötchen,Structural,29.4,w
Rekurrensparese::1831::vowels::a_n,2098,Rekurrensparese,Neurological,55.3,w
Stimmlippenpolyp::2572::vowels::a_n,2706,Stimmlippenpolyp,Structural,38.9,m
Spasmodische Dysphonie::2234::vowels::a_n,2027,Spasmodische Dysphonie,Neurological,37.5,w
Rekurrensparese::2218::vowels::a_n,2379,Rekurrensparese,Neurological,52.9,w
Rekurrensparese::2527::vowels::a_n,2661,Rekurrensparese,Neurological,60.8,m
Stimmlippenpolyp::1719::vowels::a_n,2004,Stimmlippenpolyp,Structural,30.5,m
Stimmlippenpolyp::1525::vowels::a_n,1850,Stimmlippenpolyp,Structural,48.2,m
Spasmodische Dysphonie::1763::vowels::a_n,2027,Spasmodische Dysphonie,Neurological,36.0,w
Rekurrensparese::1836::vowels::a_n,2103,Rekurrensparese,Neurological,57.1,w
Spasmodische Dysphonie::2320::vowels::a_n,2027,Spasmodische Dysphonie,Neurological,37.7,w
Rekurrensparese::712::vowels::a_n,1404,Rekurrensparese,Neurological,42.2,w
Laryngitis::2296::vowels::a_n,1311,Laryngitis,Structural,61.9,m
Rekurrensparese::1547::vowels::a_n,1854,Rekurrensparese,Neurological,63.2,w
Spasmodische Dysphonie::1960::vowels::a_n,2027,Spasmodische Dysphonie,Neurological,36.6,w
Spasmodische Dysphonie::1817::vowels::a_n,2027,Spasmodische Dysphonie,Neurological,36.3,w
Rekurrensparese::1818::vowels::a_n,2083,Rekurrensparese,Neurological,59.4,m
Stimmlippenpolyp::2056::vowels::a_n,2245,Stimmlippenpolyp,Structural,52.2,w
Rekurrensparese::1054::vowels::a_n,1552,Rekurrensparese,Neurological,24.7,w
Laryngitis::1265::vowels::a_n,1652,Laryngitis,Structural,49.1,w
Stimmlippenpolyp::2557::vowels::a_n,2690,Stimmlippenpolyp,Structural,43.7,m
Stimmlippenpolyp::1157::vowels::a_n,1574,Stimmlippenpolyp,Structural,60.8,m
Laryngitis::1780::vowels::a_n,1314,Laryngitis,Structural,56.7,m
Laryngitis::1795::vowels::a_n,2059,Laryngitis,Structural,34.7,m
Rekurrensparese::627::vowels::a_n,1383,Rekurrensparese,Neurological,45.2,w
Rekurrensparese::883::vowels::a_n,1477,Rekurrensparese,Neurological,65.4,m
Rekurrensparese::1272::vowels::a_n,1658,Rekurrensparese,Neurological,27.8,w
Stimmlippenpolyp::1188::vowels::a_n,1587,Stimmlippenpolyp,Structural,28.3,w
Laryngitis::141::vowels::a_n,1320,Laryngitis,Structural,42.0,m
Rekurrensparese::1256::vowels::a_n,1642,Rekurrensparese,Neurological,40.6,w
Laryngitis::1613::vowels::a_n,1913,Laryngitis,Structural,36.5,m
Rekurrensparese::2341::vowels::a_n,2246,Rekurrensparese,Neurological,26.9,m
Laryngitis::2521::vowels::a_n,2655,Laryngitis,Structural,51.9,m
Rekurrensparese::2346::vowels::a_n,2480,Rekurrensparese,Neurological,46.4,m
Rekurrensparese::2430::vowels::a_n,2357,Rekurrensparese,Neurological,41.3,w
Rekurrensparese::1489::vowels::a_n,1835,Rekurrensparese,Neurological,33.3,w
Phonationsknötchen::1285::vowels::a_n,1673,Phonationsknötchen,Structural,64.2,m
Phonationsknötchen::1643::vowels::a_n,1946,Phonationsknötchen,Structural,41.0,m
Rekurrensparese::1671::vowels::a_n,1970,Rekurrensparese,Neurological,30.7,m
Laryngitis::1274::vowels::a_n,1617,Laryngitis,Structural,37.8,w
Rekurrensparese::362::vowels::a_n,1305,Rekurrensparese,Neurological,65.7,w
Phonationsknötchen::1616::vowels::a_n,1916,Phonationsknötchen,Structural,20.4,w
Rekurrensparese::908::vowels::a_n,1385,Rekurrensparese,Neurological,50.6,m
Rekurrensparese::2216::vowels::a_n,2377,Rekurrensparese,Neurological,36.1,w
Rekurrensparese::2507::vowels::a_n,2641,Rekurrensparese,Neurological,38.0,w
Phonationsknötchen::1044::vowels::a_n,1540,Phonationsknötchen,Structural,31.6,w
Stimmlippenpolyp::1621::vowels::a_n,1922,Stimmlippenpolyp,Structural,40.2,m
Stimmlippenpolyp::2099::vowels::a_n,2288,Stimmlippenpolyp,Structural,36.2,m
Laryngitis::1809::vowels::a_n,2074,Laryngitis,Structural,32.0,w
Rekurrensparese::2581::vowels::a_n,2715,Rekurrensparese,Neurological,41.2,w
Rekurrensparese::2408::vowels::a_n,2542,Rekurrensparese,Neurological,64.8,m
Phonationsknötchen::1395::vowels::a_n,1743,Phonationsknötchen,Structural,26.9,w
Laryngitis::935::vowels::a_n,1527,Laryngitis,Structural,32.7,m
Laryngitis::1578::vowels::a_n,1884,Laryngitis,Structural,45.2,m
Rekurrensparese::2469::vowels::a_n,1614,Rekurrensparese,Neurological,46.4,w
Laryngitis::910::vowels::a_n,1502,Laryngitis,Structural,40.7,m
Rekurrensparese::2465::vowels::a_n,2599,Rekurrensparese,Neurological,50.5,w
Rekurrensparese::1624::vowels::a_n,1923,Rekurrensparese,Neurological,47.8,w
Laryngitis::493::vowels::a_n,1365,Laryngitis,Structural,37.0,m
Laryngitis::2443::vowels::a_n,2577,Laryngitis,Structural,50.1,m
Laryngitis::1283::vowels::a_n,1669,Laryngitis,Structural,36.7,m
Rekurrensparese::364::vowels::a_n,1313,Rekurrensparese,Neurological,47.6,m
Laryngitis::1987::vowels::a_n,2197,Laryngitis,Structural,48.8,m
Laryngitis::1567::vowels::a_n,1844,Laryngitis,Structural,51.4,m
Laryngitis::2301::vowels::a_n,2435,Laryngitis,Structural,47.2,m
Rekurrensparese::1325::vowels::a_n,1611,Rekurrensparese,Neurological,37.2,m
Rekurrensparese::2243::vowels::a_n,1970,Rekurrensparese,Neurological,32.5,m
Laryngitis::1188::vowels::a_n,1587,Laryngitis,Structural,28.3,w
Phonationsknötchen::1607::vowels::a_n,1601,Phonationsknötchen,Structural,30.1,w
Laryngitis::1599::vowels::a_n,1899,Laryngitis,Structural,32.7,m
Rekurrensparese::1223::vowels::a_n,1611,Rekurrensparese,Neurological,36.9,m
Stimmlippenpolyp::1164::vowels::a_n,1550,Stimmlippenpolyp,Structural,32.9,w
Laryngitis::2079::vowels::a_n,2272,Laryngitis,Structural,26.3,w
Stimmlippenpolyp::1639::vowels::a_n,1938,Stimmlippenpolyp,Structural,29.6,m
Spasmodische Dysphonie::2273::vowels::a_n,2417,Spasmodische Dysphonie,Neurological,35.0,m
Stimmlippenpolyp::1052::vowels::a_n,1550,Stimmlippenpolyp,Structural,32.8,w
Laryngitis::1237::vowels::a_n,1623,Laryngitis,Structural,45.6,m
Rekurrensparese::1249::vowels::a_n,1635,Rekurrensparese,Neurological,33.9,w
Rekurrensparese::926::vowels::a_n,1518,Rekurrensparese,Neurological,21.5,w
Rekurrensparese::2148::vowels::a_n,2345,Rekurrensparese,Neurological,23.4,m
Phonationsknötchen::1745::vowels::a_n,2009,Phonationsknötchen,Structural,27.7,w
Laryngitis::824::vowels::a_n,1436,Laryngitis,Structural,17.0,m
Rekurrensparese::2100::vowels::a_n,2289,Rekurrensparese,Neurological,43.2,m
Laryngitis::1426::vowels::a_n,1776,Laryngitis,Structural,46.2,m
Laryngitis::497::vowels::a_n,1368,Laryngitis,Structural,39.5,m
Laryngitis::2028::vowels::a_n,2236,Laryngitis,Structural,36.0,m
Laryngitis::1221::vowels::a_n,1550,Laryngitis,Structural,33.0,w
Laryngitis::1806::vowels::a_n,2072,Laryngitis,Structural,27.1,w
Rekurrensparese::2058::vowels::a_n,2247,Rekurrensparese,Neurological,25.4,m
Rekurrensparese::2078::vowels::a_n,1970,Rekurrensparese,Neurological,32.0,m
Laryngitis::1161::vowels::a_n,1578,Laryngitis,Structural,33.1,m
Laryngitis::919::vowels::a_n,1511,Laryngitis,Structural,25.8,w
Laryngitis::498::vowels::a_n,1369,Laryngitis,Structural,26.5,w
Laryngitis::1953::vowels::a_n,2163,Laryngitis,Structural,27.5,m
Stimmlippenpolyp::895::vowels::a_n,1454,Stimmlippenpolyp,Structural,30.9,m
Laryngitis::2191::vowels::a_n,2368,Laryngitis,Structural,38.9,m
Phonationsknötchen::870::vowels::a_n,1466,Phonationsknötchen,Structural,28.9,w
Laryngitis::1456::vowels::a_n,1804,Laryngitis,Structural,22.3,m
Laryngitis::139::vowels::a_n,1318,Laryngitis,Structural,18.1,m
Laryngitis::1260::vowels::a_n,1649,Laryngitis,Structural,30.0,w
Rekurrensparese::155::vowels::a_n,1335,Rekurrensparese,Neurological,44.8,m
Rekurrensparese::2072::vowels::a_n,2264,Rekurrensparese,Neurological,14.8,m
Rekurrensparese::928::vowels::a_n,1521,Rekurrensparese,Neurological,25.8,w
Stimmlippenpolyp::1317::vowels::a_n,1701,Stimmlippenpolyp,Structural,42.8,m
Laryngitis::1300::vowels::a_n,1685,Laryngitis,Structural,30.5,w
Laryngitis::563::vowels::a_n,1378,Laryngitis,Structural,28.7,m
Laryngitis::2156::vowels::a_n,2353,Laryngitis,Structural,33.3,m
Laryngitis::930::vowels::a_n,1522,Laryngitis,Structural,22.0,m
Laryngitis::2101::vowels::a_n,2290,Laryngitis,Structural,41.7,m
Laryngitis::2600::vowels::a_n,2726,Laryngitis,Structural,43.4,m
healthy::2108::vowels::a_n,2297,healthy,healthy,59.8,w
healthy::2163::vowels::a_n,1148,healthy,healthy,34.7,w
healthy::3::vowels::a_n,3,healthy,healthy,23.6,w
healthy::96::vowels::a_n,112,healthy,healthy,70.0,m
healthy::102::vowels::a_n,118,healthy,healthy,39.8,w
healthy::72::vowels::a_n,75,healthy,healthy,58.5,w
healthy::2478::vowels::a_n,2612,healthy,healthy,55.4,m
healthy::153::vowels::a_n,1332,healthy,healthy,60.3,w
healthy::90::vowels::a_n,104,healthy,healthy,75.2,w
healthy::941::vowels::a_n,745,healthy,healthy,50.0,m
healthy::79::vowels::a_n,81,healthy,healthy,60.5,w
healthy::1815::vowels::a_n,2082,healthy,healthy,56.2,w
healthy::88::vowels::a_n,100,healthy,healthy,45.5,w
healthy::1860::vowels::a_n,1093,healthy,healthy,44.4,w
healthy::64::vowels::a_n,64,healthy,healthy,65.1,w
healthy::2285::vowels::a_n,1207,healthy,healthy,32.2,w
healthy::86::vowels::a_n,94,healthy,healthy,61.7,w
healthy::1029::vowels::a_n,828,healthy,healthy,41.1,w
healthy::2407::vowels::a_n,2541,healthy,healthy,63.8,w
healthy::1008::vowels::a_n,808,healthy,healthy,50.7,m
healthy::1956::vowels::a_n,2166,healthy,healthy,60.4,m
healthy::1022::vowels::a_n,821,healthy,healthy,45.6,w
healthy::93::vowels::a_n,109,healthy,healthy,42.7,w
healthy::1837::vowels::a_n,1070,healthy,healthy,33.9,w
healthy::974::vowels::a_n,778,healthy,healthy,41.9,m
healthy::1926::vowels::a_n,1123,healthy,healthy,27.3,w
healthy::84::vowels::a_n,89,healthy,healthy,60.6,m
healthy::29::vowels::a_n,28,healthy,healthy,58.6,m
healthy::78::vowels::a_n,79,healthy,healthy,62.7,w
healthy::95::vowels::a_n,111,healthy,healthy,51.5,w
healthy::74::vowels::a_n,77,healthy,healthy,57.8,m
healthy::16::vowels::a_n,18,healthy,healthy,19.9,w
healthy::77::vowels::a_n,82,healthy,healthy,63.6,w
healthy::68::vowels::a_n,71,healthy,healthy,65.6,m
healthy::70::vowels::a_n,73,healthy,healthy,73.4,w
healthy::65::vowels::a_n,65,healthy,healthy,73.7,w
healthy::157::vowels::a_n,142,healthy,healthy,54.1,w
healthy::831::vowels::a_n,719,healthy,healthy,57.1,w
healthy::30::vowels::a_n,29,healthy,healthy,56.1,w
healthy::92::vowels::a_n,108,healthy,healthy,68.8,m
healthy::104::vowels::a_n,120,healthy,healthy,48.6,w
healthy::2278::vowels::a_n,1200,healthy,healthy,47.2,w
healthy::1523::vowels::a_n,1000,healthy,healthy,42.9,w
healthy::945::vowels::a_n,750,healthy,healthy,48.7,m
healthy::1703::vowels::a_n,1044,healthy,healthy,37.0,w
healthy::87::vowels::a_n,97,healthy,healthy,68.7,m
healthy::69::vowels::a_n,72,healthy,healthy,50.6,m
healthy::2252::vowels::a_n,1187,healthy,healthy,30.7,w
healthy::2250::vowels::a_n,1185,healthy,healthy,29.3,w
healthy::94::vowels::a_n,110,healthy,healthy,55.1,w
healthy::997::vowels::a_n,797,healthy,healthy,38.5,m
healthy::45::vowels::a_n,45,healthy,healthy,37.7,w
healthy::89::vowels::a_n,101,healthy,healthy,53.1,w
healthy::66::vowels::a_n,66,healthy,healthy,61.3,m
healthy::1075::vowels::a_n,855,healthy,healthy,30.5,m
healthy::1027::vowels::a_n,826,healthy,healthy,48.6,m
healthy::1352::vowels::a_n,962,healthy,healthy,35.1,w
healthy::1598::vowels::a_n,1898,healthy,healthy,55.5,w
healthy::1024::vowels::a_n,823,healthy,healthy,37.8,w
healthy::1922::vowels::a_n,1119,healthy,healthy,41.8,w
healthy::1974::vowels::a_n,2184,healthy,healthy,63.9,m
healthy::852::vowels::a_n,732,healthy,healthy,63.2,w
healthy::1105::vowels::a_n,878,healthy,healthy,37.3,w
healthy::1511::vowels::a_n,993,healthy,healthy,38.2,w
healthy::67::vowels::a_n,69,healthy,healthy,59.4,m
healthy::2561::vowels::a_n,2695,healthy,healthy,50.9,w
healthy::1124::vowels::a_n,885,healthy,healthy,24.7,w
healthy::80::vowels::a_n,83,healthy,healthy,49.5,w
healthy::1031::vowels::a_n,830,healthy,healthy,44.2,m
healthy::85::vowels::a_n,92,healthy,healthy,59.7,m
healthy::1577::vowels::a_n,1883,healthy,healthy,58.0,m
healthy::1063::vowels::a_n,840,healthy,healthy,34.7,m
healthy::83::vowels::a_n,88,healthy,healthy,47.0,w
healthy::156::vowels::a_n,141,healthy,healthy,65.9,m
healthy::25::vowels::a_n,27,healthy,healthy,27.8,w
healthy::1123::vowels::a_n,884,healthy,healthy,28.4,w
healthy::1028::vowels::a_n,827,healthy,healthy,41.9,m
healthy::31::vowels::a_n,30,healthy,healthy,40.5,w
healthy::968::vowels::a_n,771,healthy,healthy,36.4,m
healthy::977::vowels::a_n,781,healthy,healthy,26.9,m
healthy::960::vowels::a_n,744,healthy,healthy,49.9,m
healthy::1033::vowels::a_n,834,healthy,healthy,46.0,m
healthy::116::vowels::a_n,126,healthy,healthy,40.9,w
healthy::158::vowels::a_n,143,healthy,healthy,33.5,w
healthy::2244::vowels::a_n,2405,healthy,healthy,66.2,m
healthy::1021::vowels::a_n,807,healthy,healthy,41.1,m
healthy::1700::vowels::a_n,1041,healthy,healthy,30.3,m
healthy::137::vowels::a_n,139,healthy,healthy,38.3,w
healthy::91::vowels::a_n,105,healthy,healthy,65.8,w
healthy::685::vowels::a_n,613,healthy,healthy,20.4,w
healthy::1336::vowels::a_n,1719,healthy,healthy,49.9,m
healthy::1278::vowels::a_n,946,healthy,healthy,34.1,w
healthy::28::vowels::a_n,32,healthy,healthy,38.9,w
healthy::112::vowels::a_n,122,healthy,healthy,31.7,w
healthy::959::vowels::a_n,743,healthy,healthy,40.2,m
healthy::1076::vowels::a_n,856,healthy,healthy,36.3,m
healthy::743::vowels::a_n,647,healthy,healthy,31.9,w
healthy::705::vowels::a_n,630,healthy,healthy,39.2,w
healthy::100::vowels::a_n,117,healthy,healthy,66.6,m
healthy::747::vowels::a_n,651,healthy,healthy,26.9,w
healthy::942::vowels::a_n,746,healthy,healthy,32.7,m
healthy::32::vowels::a_n,31,healthy,healthy,45.2,m
healthy::1865::vowels::a_n,1094,healthy,healthy,48.4,w
healthy::991::vowels::a_n,789,healthy,healthy,40.7,m
healthy::1710::vowels::a_n,1051,healthy,healthy,50.7,w
healthy::82::vowels::a_n,87,healthy,healthy,49.7,w
healthy::961::vowels::a_n,762,healthy,healthy,36.9,m
healthy::954::vowels::a_n,759,healthy,healthy,49.8,m
healthy::955::vowels::a_n,739,healthy,healthy,36.8,m
healthy::1019::vowels::a_n,811,healthy,healthy,49.0,m
healthy::1030::vowels::a_n,829,healthy,healthy,49.2,m
healthy::1460::vowels::a_n,985,healthy,healthy,49.4,m
healthy::943::vowels::a_n,747,healthy,healthy,45.6,m
healthy::946::vowels::a_n,751,healthy,healthy,37.3,m
healthy::1072::vowels::a_n,851,healthy,healthy,32.5,m
healthy::1180::vowels::a_n,933,healthy,healthy,28.4,w
healthy::1579::vowels::a_n,46,healthy,healthy,30.1,w
healthy::1081::vowels::a_n,857,healthy,healthy,32.7,m
healthy::1032::vowels::a_n,833,healthy,healthy,37.5,m
healthy::47::vowels::a_n,47,healthy,healthy,33.0,w
healthy::23::vowels::a_n,24,healthy,healthy,26.3,w
healthy::1034::vowels::a_n,835,healthy,healthy,29.7,m
healthy::975::vowels::a_n,779,healthy,healthy,35.1,m
healthy::1006::vowels::a_n,805,healthy,healthy,32.6,w
healthy::2142::vowels::a_n,2331,healthy,healthy,45.4,m
healthy::1067::vowels::a_n,844,healthy,healthy,33.8,w
healthy::20::vowels::a_n,21,healthy,healthy,21.5,w
healthy::1587::vowels::a_n,1033,healthy,healthy,23.4,m
healthy::46::vowels::a_n,46,healthy,healthy,28.0,w
healthy::804::vowels::a_n,708,healthy,healthy,17.5,m
healthy::1005::vowels::a_n,804,healthy,healthy,43.1,m
healthy::63::vowels::a_n,63,healthy,healthy,45.0,m
healthy::1018::vowels::a_n,801,healthy,healthy,39.5,m
healthy::973::vowels::a_n,777,healthy,healthy,35.8,m
healthy::2209::vowels::a_n,1181,healthy,healthy,32.4,w
healthy::1177::vowels::a_n,928,healthy,healthy,27.1,w
healthy::1020::vowels::a_n,819,healthy,healthy,25.3,m
healthy::1074::vowels::a_n,854,healthy,healthy,32.0,m
healthy::1077::vowels::a_n,858,healthy,healthy,33.0,m
healthy::709::vowels::a_n,635,healthy,healthy,25.8,w
healthy::26::vowels::a_n,19,healthy,healthy,26.4,w
healthy::1069::vowels::a_n,847,healthy,healthy,27.7,m
healthy::1070::vowels::a_n,848,healthy,healthy,31.1,m
healthy::1036::vowels::a_n,831,healthy,healthy,39.3,m
healthy::145::vowels::a_n,140,healthy,healthy,28.7,w
healthy::1125::vowels::a_n,886,healthy,healthy,22.3,m
healthy::782::vowels::a_n,715,healthy,healthy,18.5,m
healthy::1605::vowels::a_n,46,healthy,healthy,30.2,w
healthy::963::vowels::a_n,764,healthy,healthy,44.8,m
healthy::807::vowels::a_n,711,healthy,healthy,16.1,m
healthy::1137::vowels::a_n,899,healthy,healthy,25.8,w
healthy::947::vowels::a_n,752,healthy,healthy,42.7,m
healthy::962::vowels::a_n,763,healthy,healthy,30.5,w
healthy::1093::vowels::a_n,862,healthy,healthy,28.7,m
healthy::1082::vowels::a_n,859,healthy,healthy,33.3,m
healthy::134::vowels::a_n,136,healthy,healthy,22.0,m
healthy::980::vowels::a_n,760,healthy,healthy,41.7,m
healthy::958::vowels::a_n,742,healthy,healthy,42.9,m
