,0
num__age,2596
num__os_shimmerLocaldB_sma3nz_amean,983
num__os_jitterLocal_sma3nz_amean,722
num__os_F3frequency_sma3nz_amean,627
num__os_loudness_sma3_stddevRisingSlope,597
num__os_F0semitoneFrom27.5Hz_sma3nz_pctlrange0-2,570
num__os_spectralFlux_sma3_amean,568
num__os_slopeV500-1500_sma3nz_stddevNorm,467
num__os_F0semitoneFrom27.5Hz_sma3nz_stddevRisingSlope,454
num__nk_skewness,449
num__os_loudness_sma3_meanFallingSlope,442
num__os_shimmerLocaldB_sma3nz_stddevNorm,431
num__os_F0semitoneFrom27.5Hz_sma3nz_stddevFallingSlope,424
num__os_HNRdBACF_sma3nz_stddevNorm,424
num__os_loudness_sma3_meanRisingSlope,411
num__os_mfcc3_sma3_stddevNorm,399
num__os_mfcc1_sma3_amean,396
num__nk_fractal_petrosian,374
num__os_F3bandwidth_sma3nz_stddevNorm,374
num__os_F3frequency_sma3nz_stddevNorm,374
num__os_F0semitoneFrom27.5Hz_sma3nz_meanRisingSlope,374
num__os_hammarbergIndexV_sma3nz_amean,371
num__mf_hq_min,366
num__os_F0semitoneFrom27.5Hz_sma3nz_meanFallingSlope,364
num__os_F1frequency_sma3nz_amean,361
num__os_loudness_sma3_stddevFallingSlope,360
num__os_slopeV500-1500_sma3nz_amean,357
num__os_F2amplitudeLogRelF0_sma3nz_amean,357
num__os_mfcc1_sma3_stddevNorm,353
num__os_slopeV0-500_sma3nz_stddevNorm,349
num__os_logRelF0-H1-H2_sma3nz_stddevNorm,346
num__os_loudness_sma3_pctlrange0-2,346
num__nk_entropy_sample,343
num__nk_fractal_sevcik,339
num__os_mfcc4_sma3_amean,330
num__os_F1amplitudeLogRelF0_sma3nz_amean,321
num__os_spectralFluxV_sma3nz_amean,320
num__nk_entropy_approximate,319
num__os_logRelF0-H1-H2_sma3nz_amean,315
num__os_jitterLocal_sma3nz_stddevNorm,315
num__os_logRelF0-H1-A3_sma3nz_amean,312
num__os_loudnessPeaksPerSec,310
num__os_F3bandwidth_sma3nz_amean,299
num__os_F1amplitudeLogRelF0_sma3nz_stddevNorm,298
num__os_mfcc2_sma3_stddevNorm,296
num__os_spectralFlux_sma3_stddevNorm,289
num__os_slopeV0-500_sma3nz_amean,287
num__os_F2frequency_sma3nz_stddevNorm,285
num__os_F3amplitudeLogRelF0_sma3nz_amean,282
num__os_F0semitoneFrom27.5Hz_sma3nz_stddevNorm,280
num__os_mfcc4_sma3_stddevNorm,279
num__os_mfcc3_sma3_amean,278
num__os_alphaRatioV_sma3nz_stddevNorm,276
num__nk_kurtosis,273
num__mf_spectrum_asymmetry,268
num__os_mfcc2_sma3_amean,268
num__os_F3amplitudeLogRelF0_sma3nz_stddevNorm,260
num__mf_spectrum_peak_alpha,258
num__mf_spectrum_peak_f,257
num__os_loudness_sma3_percentile50.0,257
num__os_F1bandwidth_sma3nz_stddevNorm,257
num__os_F1bandwidth_sma3nz_amean,255
num__os_F2bandwidth_sma3nz_stddevNorm,254
num__os_F2amplitudeLogRelF0_sma3nz_stddevNorm,250
num__os_mfcc1V_sma3nz_stddevNorm,246
num__os_equivalentSoundLevel_dBp,245
num__os_F2frequency_sma3nz_amean,243
num__os_HNRdBACF_sma3nz_amean,240
num__os_mfcc4V_sma3nz_stddevNorm,239
num__os_mfcc3V_sma3nz_stddevNorm,236
num__os_mfcc1V_sma3nz_amean,235
num__os_F1frequency_sma3nz_stddevNorm,231
num__os_mfcc2V_sma3nz_stddevNorm,230
num__os_F2bandwidth_sma3nz_amean,225
num__os_loudness_sma3_stddevNorm,222
num__os_alphaRatioV_sma3nz_amean,212
num__os_logRelF0-H1-A3_sma3nz_stddevNorm,206
num__os_spectralFluxV_sma3nz_stddevNorm,205
num__os_hammarbergIndexV_sma3nz_stddevNorm,204
num__mf_hq_max,193
num__os_mfcc4V_sma3nz_amean,188
num__mf_hq_std,182
num__nk_entropy_shannon,179
num__mf_hq_mean,169
num__os_VoicedSegmentsPerSec,166
num__os_loudness_sma3_amean,166
num__os_MeanVoicedSegmentLengthSec,165
num__os_loudness_sma3_percentile80.0,152
num__os_F0semitoneFrom27.5Hz_sma3nz_percentile80.0,150
num__mf_spectrum_width,149
num__os_loudness_sma3_percentile20.0,145
num__os_F0semitoneFrom27.5Hz_sma3nz_amean,144
num__mf_alpha_mean,140
num__mf_tau_mean,134
num__os_mfcc2V_sma3nz_amean,115
num__mf_alpha_std,111
num__mf_tau_std,110
num__os_mfcc3V_sma3nz_amean,99
num__os_F0semitoneFrom27.5Hz_sma3nz_percentile20.0,93
num__os_F0semitoneFrom27.5Hz_sma3nz_percentile50.0,57
cat__sex_m,3
cat__sex_w,2
num__os_spectralFluxUV_sma3nz_amean,0
num__os_slopeUV500-1500_sma3nz_amean,0
num__os_slopeUV0-500_sma3nz_amean,0
num__os_hammarbergIndexUV_sma3nz_amean,0
num__os_alphaRatioUV_sma3nz_amean,0
num__os_StddevUnvoicedSegmentLength,0
num__os_StddevVoicedSegmentLengthSec,0
num__os_MeanUnvoicedSegmentLength,0
