setting,features,model,n_samples,fold,n_test,accuracy,balanced_accuracy,f1_macro
Main set (v7 protocol),features + age + sex,RandomForest,478,1,95,0.7052631578947368,0.6772727272727272,0.6793635486981677
Main set (v7 protocol),features + age + sex,RandomForest,478,2,95,0.5473684210526316,0.5238636363636364,0.5217187682941107
Main set (v7 protocol),features + age + sex,RandomForest,478,3,96,0.625,0.6106430155210643,0.611336032388664
Main set (v7 protocol),features + age + sex,RandomForest,478,4,96,0.7083333333333334,0.6928571428571428,0.6950998185117967
Main set (v7 protocol),features + age + sex,RandomForest,478,5,96,0.65625,0.6339285714285714,0.6353171405548521
Main set (v7 protocol),features + age + sex,LightGBM,478,1,95,0.6421052631578947,0.6431818181818182,0.6388640429338104
Main set (v7 protocol),features + age + sex,LightGBM,478,2,95,0.5789473684210527,0.571590909090909,0.5709123757904246
Main set (v7 protocol),features + age + sex,LightGBM,478,3,96,0.59375,0.5988913525498891,0.5926449787835926
Main set (v7 protocol),features + age + sex,LightGBM,478,4,96,0.6979166666666666,0.6839285714285714,0.6856013551665725
Main set (v7 protocol),features + age + sex,LightGBM,478,5,96,0.5520833333333334,0.5446428571428572,0.5437161489996685
Main set (v7 protocol),features + age + sex,XGBoost,478,1,95,0.7052631578947368,0.7079545454545455,0.7025939177101967
Main set (v7 protocol),features + age + sex,XGBoost,478,2,95,0.6210526315789474,0.6215909090909091,0.6176207513416816
Main set (v7 protocol),features + age + sex,XGBoost,478,3,96,0.5729166666666666,0.5745011086474501,0.5706337951347223
Main set (v7 protocol),features + age + sex,XGBoost,478,4,96,0.7395833333333334,0.7303571428571429,0.7311526828721855
Main set (v7 protocol),features + age + sex,XGBoost,478,5,96,0.6354166666666666,0.6232142857142857,0.6236137560210597
Main set (v7 protocol),features only,RandomForest,478,1,95,0.6736842105263158,0.6431818181818182,0.6426404562553087
Main set (v7 protocol),features only,RandomForest,478,2,95,0.5263157894736842,0.5056818181818181,0.5043478260869565
Main set (v7 protocol),features only,RandomForest,478,3,96,0.6145833333333334,0.6077605321507761,0.607383663092738
Main set (v7 protocol),features only,RandomForest,478,4,96,0.6770833333333334,0.6660714285714285,0.66662932676151
Main set (v7 protocol),features only,RandomForest,478,5,96,0.625,0.6035714285714285,0.6042143838754008
Main set (v7 protocol),features only,LightGBM,478,1,95,0.6736842105263158,0.6534090909090909,0.6551926003980799
Main set (v7 protocol),features only,LightGBM,478,2,95,0.5894736842105263,0.5772727272727273,0.5774888812863497
Main set (v7 protocol),features only,LightGBM,478,3,96,0.5416666666666666,0.541019955654102,0.5384615384615384
Main set (v7 protocol),features only,LightGBM,478,4,96,0.6458333333333334,0.6392857142857142,0.6381374722838138
Main set (v7 protocol),features only,LightGBM,478,5,96,0.6145833333333334,0.6017857142857144,0.6021059706508345
Main set (v7 protocol),features only,XGBoost,478,1,95,0.7052631578947368,0.6909090909090909,0.6929824561403508
Main set (v7 protocol),features only,XGBoost,478,2,95,0.5684210526315789,0.5590909090909091,0.5588401857515007
Main set (v7 protocol),features only,XGBoost,478,3,96,0.6145833333333334,0.6077605321507761,0.607383663092738
Main set (v7 protocol),features only,XGBoost,478,4,96,0.6979166666666666,0.6982142857142857,0.6938977460142935
Main set (v7 protocol),features only,XGBoost,478,5,96,0.6354166666666666,0.6232142857142857,0.6236137560210597
Main set (v7 protocol),age + sex only,RandomForest,478,1,95,0.5052631578947369,0.5181818181818182,0.5052631578947369
Main set (v7 protocol),age + sex only,RandomForest,478,2,95,0.6210526315789474,0.625,0.6189839572192514
Main set (v7 protocol),age + sex only,RandomForest,478,3,96,0.5520833333333334,0.5687361419068736,0.5516454871293581
Main set (v7 protocol),age + sex only,RandomForest,478,4,96,0.5625,0.5607142857142857,0.5577007459412022
Main set (v7 protocol),age + sex only,RandomForest,478,5,96,0.5416666666666666,0.5428571428571429,0.5384615384615384
Main set (v7 protocol),age + sex only,LightGBM,478,1,95,0.49473684210526314,0.5295454545454545,0.48509485094850946
Main set (v7 protocol),age + sex only,LightGBM,478,2,95,0.5473684210526316,0.571590909090909,0.545555679163422
Main set (v7 protocol),age + sex only,LightGBM,478,3,96,0.5729166666666666,0.602439024390244,0.5672347443650357
Main set (v7 protocol),age + sex only,LightGBM,478,4,96,0.5833333333333334,0.5928571428571429,0.5826086956521739
Main set (v7 protocol),age + sex only,LightGBM,478,5,96,0.6041666666666666,0.6321428571428571,0.6026143790849673
Main set (v7 protocol),age + sex only,XGBoost,478,1,95,0.4842105263157895,0.5102272727272728,0.48052672692779824
Main set (v7 protocol),age + sex only,XGBoost,478,2,95,0.5263157894736842,0.5397727272727273,0.5263157894736842
Main set (v7 protocol),age + sex only,XGBoost,478,3,96,0.65625,0.6689578713968958,0.6562126966901791
Main set (v7 protocol),age + sex only,XGBoost,478,4,96,0.6770833333333334,0.6625,0.6639186900056465
Main set (v7 protocol),age + sex only,XGBoost,478,5,96,0.6354166666666666,0.6375,0.632183908045977
Age x sex matched,features only,RandomForest,278,1,55,0.5636363636363636,0.5648148148148149,0.5623342175066313
Age x sex matched,features only,RandomForest,278,2,55,0.5454545454545454,0.5482804232804233,0.535629854778791
Age x sex matched,features only,RandomForest,278,3,56,0.5892857142857143,0.5892857142857143,0.5827664399092971
Age x sex matched,features only,RandomForest,278,4,56,0.5535714285714286,0.5535714285714286,0.5499839279974285
Age x sex matched,features only,RandomForest,278,5,56,0.6428571428571429,0.6428571428571429,0.6428571428571429
Age x sex matched,features only,LightGBM,278,1,55,0.5636363636363636,0.5654761904761905,0.56
Age x sex matched,features only,LightGBM,278,2,55,0.5272727272727272,0.5291005291005291,0.5233333333333333
Age x sex matched,features only,LightGBM,278,3,56,0.5714285714285714,0.5714285714285714,0.5692307692307692
Age x sex matched,features only,LightGBM,278,4,56,0.5178571428571429,0.5178571428571428,0.5177033492822967
Age x sex matched,features only,LightGBM,278,5,56,0.6071428571428571,0.6071428571428572,0.6051282051282051
Age x sex matched,features only,XGBoost,278,1,55,0.5454545454545454,0.5476190476190476,0.5399799263967882
Age x sex matched,features only,XGBoost,278,2,55,0.6363636363636364,0.6402116402116402,0.6212121212121212
Age x sex matched,features only,XGBoost,278,3,56,0.5714285714285714,0.5714285714285714,0.5692307692307692
Age x sex matched,features only,XGBoost,278,4,56,0.5535714285714286,0.5535714285714286,0.5534290271132376
Age x sex matched,features only,XGBoost,278,5,56,0.5892857142857143,0.5892857142857143,0.5859852137576342
Age x sex matched,age + sex only,RandomForest,278,1,55,0.32727272727272727,0.32539682539682535,0.3191702910672466
Age x sex matched,age + sex only,RandomForest,278,2,55,0.23636363636363636,0.23544973544973544,0.23408488063660476
Age x sex matched,age + sex only,RandomForest,278,3,56,0.3392857142857143,0.3392857142857143,0.3390749601275917
Age x sex matched,age + sex only,RandomForest,278,4,56,0.4107142857142857,0.4107142857142857,0.4013605442176871
Age x sex matched,age + sex only,RandomForest,278,5,56,0.3392857142857143,0.3392857142857143,0.3373840741925168
Age x sex matched,age + sex only,LightGBM,278,1,55,0.32727272727272727,0.32407407407407407,0.3042735042735043
Age x sex matched,age + sex only,LightGBM,278,2,55,0.2545454545454545,0.25462962962962965,0.2545454545454545
Age x sex matched,age + sex only,LightGBM,278,3,56,0.39285714285714285,0.39285714285714285,0.39208173690932313
Age x sex matched,age + sex only,LightGBM,278,4,56,0.39285714285714285,0.39285714285714285,0.3858064516129032
Age x sex matched,age + sex only,LightGBM,278,5,56,0.3392857142857143,0.3392857142857143,0.32176759410801964
Age x sex matched,age + sex only,XGBoost,278,1,55,0.34545454545454546,0.34457671957671954,0.34350132625994695
Age x sex matched,age + sex only,XGBoost,278,2,55,0.21818181818181817,0.2189153439153439,0.21714664018536908
Age x sex matched,age + sex only,XGBoost,278,3,56,0.32142857142857145,0.3214285714285714,0.3205619412515964
Age x sex matched,age + sex only,XGBoost,278,4,56,0.32142857142857145,0.3214285714285714,0.3135483870967742
Age x sex matched,age + sex only,XGBoost,278,5,56,0.3392857142857143,0.3392857142857143,0.32879818594104304
