disease,setting,features,model,n_samples,n_folds,accuracy_mean,accuracy_sd,accuracy_ci_lo,accuracy_ci_hi,balanced_accuracy_mean,balanced_accuracy_sd,balanced_accuracy_ci_lo,balanced_accuracy_ci_hi,f1_macro_mean,f1_macro_sd,f1_macro_ci_lo,f1_macro_ci_hi
Recurrent laryngeal nerve paralysis,unmatched,features + age + sex,LogReg,424,5.0,0.8348459383753501,0.024103962907831643,0.8049169154186567,0.8647749613320436,0.8345514950166113,0.024311740862173043,0.8043644816543917,0.8647385083788309,0.8336128588805204,0.02423345485737119,0.8035230504320264,0.8637026673290144
Recurrent laryngeal nerve paralysis,unmatched,features + age + sex,RandomForest,424,5.0,0.8350140056022408,0.05674533559054641,0.7645553653334686,0.9054726458710131,0.8349390919158362,0.05733818622820784,0.7637443303539676,0.9061338534777047,0.833281896457386,0.05913233563364993,0.7598594041713813,0.9067043887433908
Recurrent laryngeal nerve paralysis,unmatched,features + age + sex,LightGBM,424,5.0,0.8749579831932772,0.016233936996360707,0.854800888075788,0.8951150783107664,0.874750830564784,0.01640420935368564,0.8543823143913151,0.8951193467382529,0.8746424072769367,0.016396904150957275,0.8542829617106952,0.8950018528431781
Recurrent laryngeal nerve paralysis,unmatched,features + age + sex,XGBoost,424,5.0,0.8820728291316527,0.027597789558744458,0.8478056474065561,0.9163400108567494,0.8821151716500555,0.027901565463517245,0.8474708023204806,0.9167595409796304,0.8818154233229597,0.027758516325522935,0.8473486729580064,0.916282173687913
Recurrent laryngeal nerve paralysis,unmatched,features only,LogReg,424,5.0,0.7712605042016806,0.0314784128227043,0.7321748922791329,0.8103461161242282,0.7711517165005537,0.03151139390993785,0.7320251531493666,0.8102782798517408,0.7696276672867064,0.033031382020726446,0.7286137894206552,0.8106415451527575
Recurrent laryngeal nerve paralysis,unmatched,features only,RandomForest,424,5.0,0.780812324929972,0.04686940837769034,0.722616267930284,0.83900838192966,0.7806201550387597,0.04764543810170522,0.7214605298692265,0.8397797802082929,0.7779636972699893,0.04918480959211062,0.7168926899409583,0.8390347045990202
Recurrent laryngeal nerve paralysis,unmatched,features only,LightGBM,424,5.0,0.787843137254902,0.03150706456118363,0.7487219495001985,0.8269643250096054,0.7875968992248061,0.03176142672721557,0.7481598791260358,0.8270339193235765,0.7863092428302669,0.03226413677457517,0.7462480257641548,0.826370459896379
Recurrent laryngeal nerve paralysis,unmatched,features only,XGBoost,424,5.0,0.7830532212885155,0.03149454820358894,0.7439475746444261,0.822158867932605,0.782890365448505,0.03192270582210654,0.7432530909039456,0.8225276399930643,0.7806220227834748,0.03397635945265139,0.7384348004610874,0.8228092451058622
Recurrent laryngeal nerve paralysis,age x sex matched,features only,LogReg,170,5.0,0.6705882352941176,0.1201930396570738,0.5213488651172518,0.8198276054709834,0.6705882352941176,0.12019303965707379,0.5213488651172518,0.8198276054709834,0.6653904966603804,0.12370515041154187,0.5117902650019873,0.8189907283187735
Recurrent laryngeal nerve paralysis,age x sex matched,features only,RandomForest,170,5.0,0.6882352941176471,0.06771096725424315,0.6041610237944993,0.7723095644407948,0.6882352941176471,0.06771096725424315,0.6041610237944993,0.7723095644407948,0.6708663763850661,0.08192830750705932,0.5691389465197834,0.7725938062503488
Recurrent laryngeal nerve paralysis,age x sex matched,features only,LightGBM,170,5.0,0.7,0.08161433485595058,0.5986624186720195,0.8013375813279804,0.7,0.08161433485595063,0.5986624186720195,0.8013375813279804,0.6959285968393311,0.08524984173607024,0.590076937503084,0.8017802561755781
Recurrent laryngeal nerve paralysis,age x sex matched,features only,XGBoost,170,5.0,0.6941176470588235,0.07946621227121349,0.5954473122080396,0.7927879819096074,0.6941176470588235,0.07946621227121355,0.5954473122080395,0.7927879819096075,0.6859187757191386,0.08236833048201175,0.583644985167475,0.7881925662708023
Hyperfunctional dysphonia,unmatched,features + age + sex,LogReg,410,5.0,0.7463414634146341,0.064183889594833,0.6666466384400448,0.8260362883892235,0.7463414634146343,0.06418388959483302,0.6666466384400449,0.8260362883892236,0.7452593992398475,0.06470913658471397,0.6649123939877581,0.8256064044919369
Hyperfunctional dysphonia,unmatched,features + age + sex,RandomForest,410,5.0,0.7390243902439024,0.035133805587531576,0.6954000087259742,0.7826487717618307,0.7390243902439024,0.035133805587531576,0.6954000087259742,0.7826487717618307,0.7356694234272619,0.035222872949810635,0.6919344501721768,0.7794043966823471
Hyperfunctional dysphonia,unmatched,features + age + sex,LightGBM,410,5.0,0.7536585365853659,0.06646061752896931,0.6711367805012547,0.836180292669477,0.7536585365853659,0.06646061752896935,0.6711367805012546,0.8361802926694771,0.7533143260723181,0.06665784288153173,0.6705476823683971,0.836080969776239
Hyperfunctional dysphonia,unmatched,features + age + sex,XGBoost,410,5.0,0.7365853658536586,0.06194353706926972,0.6596723059533461,0.8134984257539711,0.7365853658536586,0.06194353706926975,0.659672305953346,0.8134984257539712,0.735757869596562,0.062236809886263775,0.6584806633977361,0.8130350757953878
Hyperfunctional dysphonia,unmatched,features only,LogReg,410,5.0,0.6585365853658537,0.029871826131502154,0.621445814297765,0.6956273564339424,0.6585365853658536,0.029871826131502154,0.6214458142977649,0.6956273564339422,0.6569032762423215,0.030036107696634465,0.6196085226692395,0.6941980298154035
Hyperfunctional dysphonia,unmatched,features only,RandomForest,410,5.0,0.6439024390243903,0.03989128593608815,0.5943708654354974,0.6934340126132831,0.6439024390243903,0.03989128593608809,0.5943708654354976,0.693434012613283,0.6214098025647024,0.04457482060687809,0.5660628525907505,0.6767567525386542
Hyperfunctional dysphonia,unmatched,features only,LightGBM,410,5.0,0.6536585365853659,0.02528834311381427,0.6222589113667186,0.6850581618040131,0.6536585365853659,0.025288343113814265,0.6222589113667186,0.6850581618040131,0.6523107221582528,0.02474441011158665,0.6215864789659065,0.6830349653505992
Hyperfunctional dysphonia,unmatched,features only,XGBoost,410,5.0,0.6439024390243903,0.041713735064602644,0.5921079959640632,0.6956968820847174,0.6439024390243903,0.041713735064602644,0.5921079959640632,0.6956968820847174,0.6347830220536816,0.04208066712345265,0.5825329726660937,0.6870330714412696
Hyperfunctional dysphonia,age x sex matched,features only,LogReg,264,5.0,0.5680696661828737,0.046291931343575524,0.5105906416262356,0.6255486907395118,0.5670940170940171,0.046920512404469934,0.5088345060641136,0.6253535281239205,0.5635879906179795,0.04956285167301822,0.5020475820472796,0.6251283991886794
Hyperfunctional dysphonia,age x sex matched,features only,RandomForest,264,5.0,0.5530478955007258,0.04700512727856829,0.49468332122794184,0.6114124697735097,0.5525641025641026,0.04634941068883558,0.4950137079738147,0.6101144971543905,0.5040726390569945,0.03482076179947273,0.4608369527405603,0.5473083253734288
Hyperfunctional dysphonia,age x sex matched,features only,LightGBM,264,5.0,0.6063134978229318,0.07802342368458505,0.5094346216171837,0.7031923740286798,0.6052706552706553,0.07890149952864191,0.5073015039016493,0.7032398066396612,0.6017181580569828,0.0804250973288453,0.5018572101517219,0.7015791059622437
Hyperfunctional dysphonia,age x sex matched,features only,XGBoost,264,5.0,0.5798984034833092,0.06500917518737012,0.4991788511002303,0.6606179558663882,0.5797720797720798,0.06490671609926535,0.49917974714998936,0.6603644123941702,0.5649344850933391,0.05992479520231962,0.49052802429088516,0.639340945895793
Laryngitis,unmatched,features + age + sex,LogReg,280,5.0,0.7321428571428571,0.07680647559859487,0.6367750215631659,0.8275106927225483,0.7321428571428571,0.07680647559859487,0.6367750215631659,0.8275106927225483,0.73030892213423,0.07759315523151518,0.6339642947762216,0.8266535494922385
Laryngitis,unmatched,features + age + sex,RandomForest,280,5.0,0.7428571428571429,0.0698485971985998,0.6561286543906052,0.8295856313236806,0.7428571428571429,0.0698485971985998,0.6561286543906052,0.8295856313236806,0.7357945474130037,0.07480746314562003,0.6429088136281323,0.828680281197875
Laryngitis,unmatched,features + age + sex,LightGBM,280,5.0,0.7678571428571429,0.06055651770647562,0.6926662949644233,0.8430479907498625,0.7678571428571429,0.060556517706475604,0.6926662949644233,0.8430479907498625,0.7669393933405949,0.061055557933686354,0.6911289051640923,0.8427498815170975
Laryngitis,unmatched,features + age + sex,XGBoost,280,5.0,0.775,0.039123039821797594,0.7264223299529817,0.8235776700470183,0.775,0.039123039821797614,0.7264223299529817,0.8235776700470183,0.7719017239197974,0.039690725121879836,0.7226191794733575,0.8211842683662373
Laryngitis,unmatched,features only,LogReg,280,5.0,0.6392857142857142,0.03871336319406929,0.5912167249582517,0.6873547036131767,0.6392857142857142,0.0387133631940693,0.5912167249582517,0.6873547036131767,0.6383976926685042,0.03863090925298664,0.590431083431194,0.6863643019058144
Laryngitis,unmatched,features only,RandomForest,280,5.0,0.6678571428571429,0.07319250547113995,0.5769766438752965,0.7587376418389894,0.6678571428571429,0.07319250547114,0.5769766438752963,0.7587376418389895,0.6602294260542849,0.07033782466361505,0.5728934814575053,0.7475653706510645
Laryngitis,unmatched,features only,LightGBM,280,5.0,0.6714285714285715,0.058684559732696394,0.5985620663580441,0.7442950764990989,0.6714285714285715,0.058684559732696345,0.5985620663580441,0.7442950764990989,0.667079750319202,0.06111921783195747,0.5911902179388868,0.7429692826995171
Laryngitis,unmatched,features only,XGBoost,280,5.0,0.6928571428571428,0.06609555544043479,0.610788671225474,0.7749256144888117,0.6928571428571428,0.06609555544043483,0.610788671225474,0.7749256144888117,0.6829838914505098,0.06523350983565752,0.6019857908111026,0.7639819920899169
Laryngitis,age x sex matched,features only,LogReg,198,5.0,0.5906410256410256,0.10612856598522476,0.4588650060761794,0.7224170452058718,0.5902631578947368,0.10564732528900209,0.4590846775768609,0.7214416382126128,0.58930732444062,0.10587740201261536,0.4578431661382087,0.7207714827430312
Laryngitis,age x sex matched,features only,RandomForest,198,5.0,0.6210256410256411,0.11116427064949211,0.48299696827358735,0.7590543137776948,0.6218421052631579,0.1088357551848114,0.4867046663328589,0.7569795441934568,0.6013396673906399,0.11859586070185356,0.4540834568211598,0.7485958779601201
Laryngitis,age x sex matched,features only,LightGBM,198,5.0,0.5607692307692307,0.14368229045959693,0.382364103526093,0.7391743580123684,0.5618421052631579,0.14388806148609806,0.3831814795445404,0.7405027309817754,0.5590817704317421,0.1429834550787858,0.38154436192162866,0.7366191789418556
Laryngitis,age x sex matched,features only,XGBoost,198,5.0,0.611025641025641,0.11568550511915723,0.46738311420516626,0.7546681678461158,0.6118421052631579,0.11353974739370853,0.47086388855924033,0.7528203219670754,0.5976841934953961,0.1249325808894916,0.4425599056022348,0.7528084813885575
Functional dysphonia,unmatched,features + age + sex,LogReg,214,5.0,0.7289036544850498,0.05390870930335313,0.6619671509534439,0.7958401580166556,0.7296536796536796,0.054239029685485635,0.6623070291957068,0.7970003301116523,0.7274554734109839,0.05417474747877204,0.6601886398548126,0.7947223069671553
Functional dysphonia,unmatched,features + age + sex,RandomForest,214,5.0,0.6960132890365448,0.039484599083072114,0.6469866838715848,0.7450398942015048,0.6952380952380952,0.04145600877322682,0.6437636616351601,0.7467125288410303,0.6831008967486113,0.0490216104673847,0.6222325278972909,0.7439692655999317
Functional dysphonia,unmatched,features + age + sex,LightGBM,214,5.0,0.7663344407530455,0.0435780561903677,0.7122251372697652,0.8204437442363257,0.7673160173160173,0.04262887963469938,0.7143852721898495,0.8202467624421851,0.7655442012918152,0.04386831537785558,0.7110744934252834,0.820013909158347
Functional dysphonia,unmatched,features + age + sex,XGBoost,214,5.0,0.7665559246954595,0.035397610517781626,0.7226039860930912,0.8105078632978279,0.7677489177489178,0.03516566686747908,0.7240849752267421,0.8114128602710936,0.7653073006034679,0.03609746429301619,0.7204863787643838,0.8101282224425519
Functional dysphonia,unmatched,features only,LogReg,214,5.0,0.6119601328903654,0.050076926728018015,0.5497814158314976,0.6741388499492332,0.612987012987013,0.05059798705405707,0.5501613140804101,0.6758127118936158,0.6095130651255956,0.05160732423919295,0.5454341085741612,0.6735920216770299
Functional dysphonia,unmatched,features only,RandomForest,214,5.0,0.5796234772978959,0.044418437612971415,0.5244707024574093,0.6347762521383824,0.5790043290043291,0.04596064365278372,0.5219366524463952,0.636072005562263,0.5580734815044451,0.034822668480390014,0.5148354277309599,0.6013115352779304
Functional dysphonia,unmatched,features only,LightGBM,214,5.0,0.5887043189368771,0.06946620618570168,0.5024506316242917,0.6749580062494626,0.5872294372294371,0.06912272510074906,0.5014022380141013,0.6730566364447729,0.5850152555301296,0.0691481208181268,0.4991565233668173,0.6708739876934418
Functional dysphonia,unmatched,features only,XGBoost,214,5.0,0.5840531561461795,0.020533604173239114,0.5585573190909019,0.6095489932014571,0.5837662337662337,0.021544680842723856,0.5570149792110332,0.6105174883214343,0.5715412430149238,0.023312511248549585,0.5425949370898795,0.6004875489399681
Functional dysphonia,age x sex matched,features only,LogReg,170,5.0,0.5705882352941176,0.07669649888473706,0.47535695384066445,0.6658195167475708,0.5705882352941176,0.07669649888473706,0.47535695384066445,0.6658195167475708,0.5619821129456104,0.0870157130219193,0.4539378348082628,0.670026391082958
Functional dysphonia,age x sex matched,features only,RandomForest,170,5.0,0.5588235294117647,0.07204381596421114,0.46936931683578614,0.6482777419877432,0.5588235294117647,0.07204381596421112,0.46936931683578614,0.6482777419877432,0.5267690522038349,0.0808304925333015,0.42640473966815623,0.6271333647395135
Functional dysphonia,age x sex matched,features only,LightGBM,170,5.0,0.5529411764705883,0.04832846095633819,0.4929334664125069,0.6129488865286696,0.5529411764705883,0.04832846095633819,0.4929334664125069,0.6129488865286696,0.5460692601913111,0.054086476079416516,0.4789120300537905,0.6132264903288316
Functional dysphonia,age x sex matched,features only,XGBoost,170,5.0,0.5529411764705883,0.09160242060233788,0.43920174866034656,0.66668060428083,0.5529411764705883,0.09160242060233788,0.43920174866034656,0.66668060428083,0.537136900455866,0.09625307670365606,0.4176229203965909,0.6566508805151412
Psychogenic dysphonia,unmatched,features + age + sex,LogReg,176,5.0,0.6930158730158731,0.0558901488883002,0.6236190872870226,0.7624126587447235,0.6934640522875817,0.055442503196236524,0.6246230920985176,0.7623050124766457,0.6927505037102559,0.055758211077957615,0.6235175404105097,0.7619834670100022
Psychogenic dysphonia,unmatched,features + age + sex,RandomForest,176,5.0,0.7833333333333334,0.08326527833355099,0.6799458349261472,0.8867208317405196,0.7823529411764705,0.08200433269895144,0.6805311135674588,0.8841747687854822,0.7779735441910545,0.08445836374059346,0.6731046345871614,0.8828424537949475
Psychogenic dysphonia,unmatched,features + age + sex,LightGBM,176,5.0,0.8061904761904761,0.08260909779527162,0.7036177335339934,0.9087632188469589,0.8052287581699347,0.08184137980623343,0.7036092633012141,0.9068482530386552,0.8034092507761418,0.08303909682599085,0.7003025938039524,0.9065159077483311
Psychogenic dysphonia,unmatched,features + age + sex,XGBoost,176,5.0,0.8061904761904763,0.07205282768444456,0.716725074085922,0.8956558782950307,0.8055555555555556,0.07203455047436964,0.7161128476047389,0.8949982635063722,0.8056243264795896,0.07213077401564123,0.7160621412217963,0.8951865117373828
Psychogenic dysphonia,unmatched,features only,LogReg,176,5.0,0.6580952380952381,0.1030377602888935,0.5301569606889696,0.7860335155015066,0.6604575163398693,0.10214313549627412,0.5336300623304967,0.7872849703492418,0.6553374039901554,0.10379250756617406,0.5264619840619452,0.7842128239183656
Psychogenic dysphonia,unmatched,features only,RandomForest,176,5.0,0.6923809523809524,0.08855094489202159,0.5824304321016037,0.8023314726603011,0.6931372549019608,0.08600888749580998,0.5863431157728556,0.799931394031066,0.67652950310559,0.10115993377529389,0.5509228552761306,0.8021361509350494
Psychogenic dysphonia,unmatched,features only,LightGBM,176,5.0,0.7036507936507937,0.09764098346908064,0.5824134997280275,0.82488808757356,0.703921568627451,0.09581072927119909,0.5849568354497555,0.8228863018051465,0.697653115300174,0.10198880527809778,0.571017287566546,0.8242889430338021
Psychogenic dysphonia,unmatched,features only,XGBoost,176,5.0,0.7206349206349207,0.13408706083773256,0.5541438445677503,0.8871259967020911,0.7209150326797384,0.13158110295443434,0.5575355142972744,0.8842945510622024,0.7142949883838009,0.1403196709415861,0.5400651047358346,0.8885248720317672
Psychogenic dysphonia,age x sex matched,features only,LogReg,118,5.0,0.6344202898550726,0.11685414543073698,0.48932670443285964,0.7795138752772856,0.6356060606060606,0.11719185215364991,0.4900931569040553,0.7811189643080659,0.6327987117552335,0.11576145716719823,0.48906187801111634,0.7765355454993507
Psychogenic dysphonia,age x sex matched,features only,RandomForest,118,5.0,0.5246376811594202,0.07656638121943125,0.4295679621265076,0.6197074001923328,0.5257575757575758,0.08248535501814949,0.4233384800524833,0.6281766714626682,0.47305611476290454,0.06644293855183199,0.3905563100282298,0.5555559194975793
Psychogenic dysphonia,age x sex matched,features only,LightGBM,118,5.0,0.583695652173913,0.06437407660798276,0.5037646788321697,0.6636266255156562,0.5825757575757576,0.06639061303092922,0.5001409235565751,0.6650105915949401,0.5813336373771157,0.06783190198110285,0.49710920675749376,0.6655580679967378
Psychogenic dysphonia,age x sex matched,features only,XGBoost,118,5.0,0.5920289855072464,0.07262662858183656,0.5018511154862634,0.6822068555282294,0.5924242424242425,0.07259497120251153,0.5022856802314449,0.6825628046170401,0.5711275427299768,0.0822760807322554,0.46896829537142887,0.6732867900885247
Reinke's edema,unmatched,features + age + sex,LogReg,134,5.0,0.7686609686609687,0.04811357682640351,0.7089200724908125,0.8284018648311249,0.7703296703296703,0.0484716916427896,0.7101441158847841,0.8305152247745564,0.7675441006504508,0.047028911083425114,0.7091499948834358,0.8259382064174657
Reinke's edema,unmatched,features + age + sex,RandomForest,134,5.0,0.805982905982906,0.0711281391695249,0.71766565631688,0.8943001556489321,0.8076923076923077,0.06581949753137878,0.7259666072277332,0.8894180081568822,0.8010553479252431,0.07830925083403051,0.7038215704383194,0.8982891254121669
Reinke's edema,unmatched,features + age + sex,LightGBM,134,5.0,0.8284900284900285,0.06151471526648404,0.7521094211838798,0.9048706357961772,0.8307692307692308,0.06095558929813383,0.7550828700484434,0.9064555914900182,0.8276699226699227,0.062052500224164774,0.7506215671430463,0.9047182781967991
Reinke's edema,unmatched,features + age + sex,XGBoost,134,5.0,0.8062678062678064,0.05986296692151197,0.7319381154157021,0.8805974971199106,0.8076923076923077,0.057725003817172216,0.7360172486563501,0.8793673667282653,0.8056142478211443,0.06056845624515153,0.7304085762747597,0.8808199193675289
Reinke's edema,unmatched,features only,LogReg,134,5.0,0.7085470085470085,0.051475576596258954,0.6446316383006535,0.7724623787933634,0.7098901098901098,0.05127142092855755,0.6462282323863688,0.7735519873938508,0.7076426536426537,0.05162034139868419,0.6435475341529202,0.7717377731323871
Reinke's edema,unmatched,features only,RandomForest,134,5.0,0.7837606837606838,0.047292589152273516,0.7250391784284639,0.8424821890929036,0.7846153846153847,0.043115241423306166,0.7310807415662018,0.8381500276645676,0.7771889348700576,0.056083978401328054,0.707551478013091,0.8468263917270241
Reinke's edema,unmatched,features only,LightGBM,134,5.0,0.760968660968661,0.057320917788988235,0.6897953410060766,0.8321419809312454,0.760989010989011,0.05466963940146264,0.6931076879494328,0.8288703340285891,0.7565426217074184,0.05734415962073461,0.6853404431991021,0.8277448002157346
Reinke's edema,unmatched,features only,XGBoost,134,5.0,0.7686609686609687,0.08832827817274401,0.6589869256305451,0.8783350116913923,0.7686813186813186,0.08623048284661235,0.6616120325829529,0.8757506047796844,0.7619170470335448,0.09368204613858787,0.6455954230651962,0.8782386710018933
Reinke's edema,age x sex matched,features only,LogReg,90,5.0,0.6777777777777777,0.06085806194501845,0.6022125132601938,0.7533430422953616,0.6777777777777778,0.0608580619450184,0.6022125132601939,0.7533430422953618,0.6733333333333333,0.06323182655031317,0.5948206507651446,0.7518460159015221
Reinke's edema,age x sex matched,features only,RandomForest,90,5.0,0.7444444444444445,0.04969039949999535,0.6827456643289379,0.806143224559951,0.7444444444444445,0.04969039949999527,0.682745664328938,0.8061432245599509,0.742328001375989,0.050506630866239334,0.6796157361588127,0.8050402665931653
Reinke's edema,age x sex matched,features only,LightGBM,90,5.0,0.7,0.1009216784699164,0.5746891852056089,0.8253108147943911,0.7,0.10092167846991636,0.5746891852056089,0.8253108147943911,0.697608359133127,0.10299367100040102,0.569724825809086,0.825491892457168
Reinke's edema,age x sex matched,features only,XGBoost,90,5.0,0.6888888888888889,0.09296222517045283,0.5734610407018258,0.804316737075952,0.6888888888888889,0.09296222517045277,0.5734610407018259,0.8043167370759519,0.6853173374613003,0.09557963166805726,0.5666395498574972,0.8039951250651034
Spasmodic dysphonia,unmatched,features + age + sex,LogReg,128,5.0,0.7145833333333333,0.20519041329915133,0.45980578436322633,0.9693608823034403,0.7378355416513311,0.1685522085851495,0.5285503324334196,0.9471207508692426,0.6994518877180168,0.20041967901912955,0.45059798774840937,0.9483057876876242
Spasmodic dysphonia,unmatched,features + age + sex,RandomForest,128,5.0,0.6923611111111111,0.21733448541219294,0.42250470500665,0.9622175172155722,0.6975190160716476,0.1491573408870811,0.5123157158243526,0.8827223163189425,0.6562233788661922,0.2132069932861581,0.39149193113749803,0.9209548265948864
Spasmodic dysphonia,unmatched,features + age + sex,LightGBM,128,5.0,0.7201388888888889,0.17987987890070786,0.49678851925662704,0.9434892585211507,0.7356355048460312,0.12580995104182663,0.579421818021617,0.8918491916704455,0.6994813357459192,0.18371416404534738,0.47137007229071093,0.9275925992011275
Spasmodic dysphonia,unmatched,features + age + sex,XGBoost,128,5.0,0.7236111111111111,0.23715049006542574,0.42914988544049254,1.0180723367817297,0.7385860630597473,0.1650257514198789,0.5336795287451599,0.9434925973743347,0.6920699158997031,0.2611957746186662,0.36775252607276077,1.0163873057266455
Spasmodic dysphonia,unmatched,features only,LogReg,128,5.0,0.68125,0.23840288903450815,0.38523371561808434,0.9772662843819158,0.6815516501042816,0.1996281057280691,0.43368061819212367,0.9294226820164396,0.6632982306263042,0.22615425189762225,0.38249063800432137,0.9441058232482871
Spasmodic dysphonia,unmatched,features only,RandomForest,128,5.0,0.68125,0.21325777199158488,0.41645550218090205,0.946044497819098,0.683503864556496,0.1571059857056072,0.4884310182035284,0.8785767109094637,0.632868967868968,0.22303077244575983,0.3559396872314919,0.909798248506444
Spasmodic dysphonia,unmatched,features only,LightGBM,128,5.0,0.6604166666666667,0.20828124348795524,0.40180134512656046,0.9190319882067728,0.6623101459943564,0.15684720186980214,0.467558622213625,0.8570616697750879,0.6361962892683956,0.19286447084509178,0.3967234192874256,0.8756691592493655
Spasmodic dysphonia,unmatched,features only,XGBoost,128,5.0,0.6479166666666667,0.16593444479412886,0.4418818405038669,0.8539514928294665,0.6545304257146363,0.1381586693267685,0.48298377997184916,0.8260770714574234,0.6303898867759298,0.1540615010755173,0.43909726738122945,0.8216825061706301
Spasmodic dysphonia,age x sex matched,features only,LogReg,50,5.0,0.6425,0.23378676181512076,0.35221539459752604,0.9327846054024739,0.68,0.1894436298451043,0.4447746651322939,0.9152253348677062,0.6174170274170274,0.2631106267915934,0.2907220345850791,0.9441120202489757
Spasmodic dysphonia,age x sex matched,features only,RandomForest,50,5.0,0.74,0.21765798859678914,0.4697419116379215,1.0102580883620784,0.749090909090909,0.12764016225030328,0.5906047148998204,0.9075771032819977,0.7134598734598734,0.2269756729813764,0.43163235185082754,0.9952873950689192
Spasmodic dysphonia,age x sex matched,features only,LightGBM,50,5.0,0.72,0.1671451465044678,0.5124618891109086,0.9275381108890913,0.7539393939393939,0.12969201349918547,0.5929054899228987,0.9149732979558891,0.7105916305916307,0.167784518868025,0.5022596340572638,0.9189236271259975
Spasmodic dysphonia,age x sex matched,features only,XGBoost,50,5.0,0.7025,0.16163229875244614,0.5018069936921725,0.9031930063078275,0.7315151515151515,0.09463573777920142,0.6140093629712652,0.8490209400590377,0.6903705066862962,0.16365181344797994,0.48716994168718086,0.8935710716854115
Vocal fold polyp,unmatched,features + age + sex,LogReg,88,5.0,0.7274509803921568,0.0450221963380249,0.67154854007917,0.7833534207051437,0.726388888888889,0.04801218338178779,0.6667738893085661,0.7860038884692119,0.7236680502160379,0.04750444419647067,0.6646834921026005,0.7826526083294753
Vocal fold polyp,unmatched,features + age + sex,RandomForest,88,5.0,0.7274509803921568,0.0450221963380249,0.67154854007917,0.7833534207051437,0.7277777777777776,0.04969039949999532,0.6660789976622711,0.7894765578932842,0.7168847818847819,0.05089992209177655,0.6536841811120465,0.7800853826575173
Vocal fold polyp,unmatched,features + age + sex,LightGBM,88,5.0,0.761437908496732,0.13298686241422092,0.5963129092029166,0.9265629077905474,0.7583333333333333,0.1322547520675323,0.5941173690997137,0.9225492975669529,0.7538229915938893,0.14117041614873332,0.5785367682505639,0.9291092149372148
Vocal fold polyp,unmatched,features + age + sex,XGBoost,88,5.0,0.7509803921568627,0.0813193778561871,0.6500090483165069,0.8519517359972186,0.7486111111111111,0.07893484576879344,0.6506005549162336,0.8466216673059886,0.7465262515262515,0.08391714638487476,0.6423293520281574,0.8507231510243456
Vocal fold polyp,unmatched,features only,LogReg,88,5.0,0.6588235294117647,0.04072530086189378,0.6082563895155345,0.7093906693079949,0.6569444444444444,0.04212708580028638,0.6046367586569878,0.709252130231901,0.6500658397330223,0.04288800325400325,0.5968133501376807,0.703318329328364
Vocal fold polyp,unmatched,features only,RandomForest,88,5.0,0.6928104575163399,0.06523681299894485,0.6118082554579987,0.773812659574681,0.6944444444444444,0.06804138174397713,0.6099599103449092,0.7789289785439797,0.6827289377289376,0.06818949668020557,0.5980604946454913,0.767397380812384
Vocal fold polyp,unmatched,features only,LightGBM,88,5.0,0.6588235294117647,0.14204600891545766,0.48245011405291005,0.8351969447706193,0.6597222222222221,0.14197950208514493,0.4834313860002014,0.8360130584442428,0.6575051599587203,0.14206826405798315,0.4811041111906168,0.8339062087268237
Vocal fold polyp,unmatched,features only,XGBoost,88,5.0,0.6588235294117648,0.11246294143307564,0.5191823439022163,0.7984647149213133,0.6597222222222221,0.11431998356357169,0.5177752143560891,0.8016692300883551,0.6553869969040248,0.11415472899560296,0.5136451796854773,0.7971288141225723
Vocal fold polyp,age x sex matched,features only,LogReg,72,5.0,0.5561904761904761,0.054647914487408675,0.48833612819454286,0.6240448241864094,0.5571428571428572,0.05453011244500879,0.4894347797018867,0.6248509345838276,0.5427756067461951,0.05560540479387667,0.4737323775080914,0.6118188359842988
Vocal fold polyp,age x sex matched,features only,RandomForest,72,5.0,0.5419047619047619,0.09075146094911693,0.4292219400598486,0.6545875837496752,0.5428571428571428,0.09603922721089182,0.42360869201406715,0.6621055937002185,0.4786842105263157,0.11895403846582978,0.3309832635223492,0.6263851575302822
Vocal fold polyp,age x sex matched,features only,LightGBM,72,5.0,0.5666666666666667,0.12643731473668335,0.4096740049285687,0.7236593284047645,0.5642857142857143,0.12410393109924324,0.4101903310042235,0.7183810975672051,0.5436706868982412,0.16368648511683317,0.34042707133615313,0.7469143024603292
Vocal fold polyp,age x sex matched,features only,XGBoost,72,5.0,0.5438095238095237,0.1265448752110368,0.3866833081027914,0.7009357395162561,0.5428571428571428,0.1272752120086104,0.3848240942422999,0.7008901914719857,0.5389194139194139,0.12768405358337143,0.3803787214402213,0.6974601063986066
Vocal fold nodules,unmatched,features + age + sex,LogReg,34,5.0,0.42857142857142855,0.2672612419124244,0.09672276637354427,0.7604200907693128,0.4333333333333333,0.26777115021766046,0.1008515363504523,0.7658151303162143,0.4226190476190476,0.26573231292321087,0.09266880150287987,0.7525692937352153
Vocal fold nodules,unmatched,features + age + sex,RandomForest,34,5.0,0.5857142857142857,0.07824607964359517,0.4885589456202492,0.6828696258083222,0.6,0.0959238702768445,0.48089478370887406,0.7191052162911259,0.535952380952381,0.13420315766905289,0.3693171516294546,0.7025876102753073
Vocal fold nodules,unmatched,features + age + sex,LightGBM,34,5.0,0.4428571428571429,0.03194382824999701,0.40319364135431723,0.48252064435996855,0.5,0.0,0.5,0.5,0.30666666666666664,0.014907119849998594,0.2881570326320147,0.3251763007013186
Vocal fold nodules,unmatched,features + age + sex,XGBoost,34,5.0,0.7,0.1628822035855911,0.4977550318596754,0.9022449681403245,0.6833333333333332,0.15756392000990863,0.487691886441172,0.8789747802254945,0.6832539682539682,0.16888741570547366,0.4735525444228086,0.8929553920851279
Vocal fold nodules,unmatched,features only,LogReg,34,5.0,0.4619047619047619,0.20314980007334799,0.2096609689113933,0.7141485548981304,0.4666666666666666,0.2028443574106347,0.2148021308311046,0.7185312025022286,0.4511904761904762,0.21096971335869164,0.18923697840162107,0.7131439739793313
Vocal fold nodules,unmatched,features only,RandomForest,34,5.0,0.5619047619047619,0.1663261828245046,0.35538352873291734,0.7684259950766065,0.5833333333333333,0.14731391274719738,0.4004189514406077,0.7662477152260588,0.532063492063492,0.1852438163042479,0.3020529144686359,0.7620740696583481
Vocal fold nodules,unmatched,features only,LightGBM,34,5.0,0.4428571428571429,0.03194382824999701,0.40319364135431723,0.48252064435996855,0.5,0.0,0.5,0.5,0.30666666666666664,0.014907119849998594,0.2881570326320147,0.3251763007013186
Vocal fold nodules,unmatched,features only,XGBoost,34,5.0,0.7,0.1628822035855911,0.4977550318596754,0.9022449681403245,0.6833333333333332,0.15756392000990863,0.487691886441172,0.8789747802254945,0.6832539682539682,0.16888741570547366,0.4735525444228086,0.8929553920851279
